standard_code,level,variant_no,template_text
6국01-01,매우잘함,1,"대화에서 생략된 내용을 상황과 맥락 속에서 정확히 추론하며 경청하는 능력이 뛰어남."
6국01-01,매우잘함,2,"대화 중 드러나지 않은 상대의 속뜻까지 세심하게 헤아려 듣는 추론적 듣기 능력이 돋보임."
6국01-01,잘함,1,"대화에서 생략된 내용을 대체로 잘 추론하며 상대의 말을 주의 깊게 듣는 태도를 지님."
6국01-01,잘함,2,"상황 맥락을 활용하여 대화 속 생략된 의미를 무리 없이 짐작하며 듣는 모습을 볼 수 있음."
6국01-01,보통,1,"대화 속 생략된 내용을 추론하며 듣기 위해 꾸준히 노력하는 모습을 보임."
6국01-01,보통,2,"맥락을 살펴 숨은 뜻을 짐작하는 듣기 활동에 점차 익숙해지는 모습을 보임."
6국01-06,매우잘함,1,"토의에서 다양한 의견을 논리적으로 비교하고 합리적으로 조정하며 협력적으로 참여함."
6국01-06,매우잘함,2,"모둠 토의 중 서로 다른 생각을 존중하며 절충안을 이끌어 내는 협력적 소통 능력이 우수함."
6국01-06,잘함,1,"토의에 적극적으로 참여하여 자신과 다른 의견을 비교하고 조정하려 노력함."
6국01-06,잘함,2,"친구들의 의견을 경청하고 자신의 생각과 견주어 절충점을 찾아가는 모습이 나타남."
6국01-06,보통,1,"토의에 참여하며 서로의 의견을 비교하고 조정하려는 태도를 보임."
6국01-06,보통,2,"모둠 토의 과정에서 다른 사람의 의견을 받아들이려 애쓰는 모습을 보임."
6국02-01,매우잘함,1,"글의 구조를 정확히 분석하여 주제와 주장을 명료하게 파악하고 핵심을 간결하게 요약함."
6국02-01,매우잘함,2,"글 전체의 짜임을 꿰뚫어 보며 중심 내용을 정확히 간추려 내는 요약 능력이 뛰어남."
6국02-01,잘함,1,"글의 구조를 파악하여 주제를 이해하고 대체로 정확하게 내용을 요약함."
6국02-01,잘함,2,"글의 흐름을 살펴 중심 문장을 찾아내고 이를 바탕으로 내용을 정리하는 모습이 나타남."
6국02-01,보통,1,"글의 구조를 살펴보며 주제를 파악하고 요약하는 연습을 꾸준히 해 나감."
6국02-01,보통,2,"글의 중심 내용을 간추려 요약하는 활동에 점차 익숙해지는 모습을 보임."
6국02-03,매우잘함,1,"글의 내용이 타당한지, 표현이 적절한지 비판적으로 분석하며 근거를 들어 평가함."
6국02-03,매우잘함,2,"자료를 꼼꼼히 살펴 논리의 허점과 표현의 적절성을 예리하게 짚어내는 비판적 사고력이 뛰어남."
6국02-03,잘함,1,"글이나 자료를 읽고 내용의 타당성과 표현의 적절성을 대체로 잘 평가함."
6국02-03,잘함,2,"글에 담긴 주장과 근거를 살펴보고 그 적절성을 판단하려는 모습이 자주 보임."
6국02-03,보통,1,"글의 타당성과 표현의 적절성을 평가하는 활동에 관심을 가지고 참여함."
6국02-03,보통,2,"자료를 읽고 내용과 표현을 판단해 보려는 시도를 점차 늘려가는 모습을 보임."
6국03-02,매우잘함,1,"타당한 근거를 체계적으로 제시하고 인용 출처를 정확히 밝히며 설득력 있는 주장하는 글을 씀."
6국03-02,매우잘함,2,"자료의 출처를 꼼꼼히 밝히고 논리적인 근거를 들어 설득력 있게 주장을 펼치는 글쓰기 능력이 돋보임."
6국03-02,잘함,1,"적절한 근거를 활용하여 주장하는 글을 쓰고 인용 출처를 밝히려 노력함."
6국03-02,잘함,2,"자신의 주장에 알맞은 근거를 찾아 글을 쓰고 출처 표기에도 신경 쓰는 모습이 보임."
6국03-02,보통,1,"근거를 들어 주장하는 글을 쓰고 출처를 밝히는 연습을 꾸준히 이어감."
6국03-02,보통,2,"주장하는 글에 알맞은 근거와 출처를 담아보려는 노력을 점차 기울이는 모습을 보임."
6국04-04,매우잘함,1,"문장 성분의 역할을 정확히 이해하고 호응 관계가 올바른 문장을 능숙하게 구성함."
6국04-04,매우잘함,2,"주어와 서술어 등 문장 성분 간의 호응을 정확히 파악하여 바른 문장을 짜임새 있게 만드는 문법 이해력이 우수함."
6국04-04,잘함,1,"문장 성분을 이해하고 호응 관계에 맞는 문장을 대체로 바르게 구성함."
6국04-04,잘함,2,"문장 성분 사이의 호응을 살펴 어색한 표현을 바로잡아 쓰는 모습이 나타남."
6국04-04,보통,1,"문장 성분과 호응 관계를 이해하며 올바른 문장을 만들어 보려 노력함."
6국04-04,보통,2,"문장 속 호응 관계를 살펴 바르게 고쳐 쓰는 연습에 꾸준히 참여하는 모습을 보임."
6국05-02,매우잘함,1,"작품 속 비유적 표현의 효과를 깊이 있게 이해하고 그 의미를 풍부하게 해석하며 감상함."
6국05-02,매우잘함,2,"작품에 쓰인 비유적 표현이 주는 느낌과 효과를 섬세하게 포착하여 감상하는 문학적 감수성이 뛰어남."
6국05-02,잘함,1,"작품 속 비유적 표현에 관심을 가지고 그 효과를 이해하며 작품을 감상함."
6국05-02,잘함,2,"비유적 표현이 주는 느낌을 살려 작품을 감상하려는 모습이 잘 나타남."
6국05-02,보통,1,"작품 속 비유적 표현에 관심을 가지고 이해해 보려는 태도를 보임."
6국05-02,보통,2,"비유적 표현의 의미를 헤아려 보며 작품을 감상하는 경험을 점차 쌓아가는 모습을 보임."
6수01-01,매우잘함,1,"사칙연산이 혼합된 식에서 계산 순서의 원리를 정확히 이해하고 논리적으로 설명하며 능숙하게 계산함."
6수01-01,매우잘함,2,"덧셈, 뺄셈, 곱셈, 나눗셈이 섞인 복잡한 혼합 계산도 순서를 정확히 적용하여 오류 없이 해결함."
6수01-01,잘함,1,"사칙연산 혼합 계산에서 계산 순서를 이해하고 이를 적용하여 문제를 바르게 해결함."
6수01-01,잘함,2,"덧셈, 뺄셈, 곱셈, 나눗셈이 혼합된 식의 계산 순서를 알고 정확하게 계산함."
6수01-01,보통,1,"혼합 계산의 순서를 익히는 과정에 있으며 반복 연습을 통해 점차 능숙해지고 있음."
6수01-01,보통,2,"간단한 혼합 계산은 잘 수행하며 복잡한 식에서도 꾸준한 연습으로 향상이 기대됨."
6수01-04,매우잘함,1,"약수와 공약수, 최대공약수의 개념을 정확히 이해하고 다양한 방법으로 척척 구해냄."
6수01-04,매우잘함,2,"최대공약수를 구하는 여러 가지 방법의 원리를 이해하고 이를 논리적으로 설명함."
6수01-04,잘함,1,"약수와 공약수, 최대공약수의 의미를 이해하고 주어진 수의 값을 정확히 구함."
6수01-04,잘함,2,"두 수의 공약수와 최대공약수를 구하는 방법을 알고 이를 바르게 적용함."
6수01-04,보통,1,"약수와 공약수의 개념을 익히고 있으며 최대공약수 구하기에 조금씩 익숙해지고 있음."
6수01-04,보통,2,"기본적인 약수 구하기는 잘 수행하며 공약수와 최대공약수 학습에 꾸준히 노력함."
6수02-02,매우잘함,1,"두 양의 관계를 비의 개념으로 명확히 이해하고 실생활 상황을 비로 정확하게 나타냄."
6수02-02,매우잘함,2,"비의 개념을 깊이 이해하여 다양한 실생활 상황에서 두 양의 관계를 능숙하게 비로 표현함."
6수02-02,잘함,1,"비의 개념을 이해하고 두 양의 크기를 비교하여 비로 나타낼 수 있음."
6수02-02,잘함,2,"두 양을 비교하는 상황을 이해하고 이를 비로 바르게 표현함."
6수02-02,보통,1,"비의 개념을 배워가는 중이며 두 양을 비로 나타내는 연습을 통해 이해를 넓혀가고 있음."
6수02-02,보통,2,"간단한 상황에서 비를 나타낼 수 있으며 다양한 사례를 접하며 점차 향상되고 있음."
6수02-04,매우잘함,1,"비례식의 성질을 정확히 이해하고 이를 활용하여 다양한 비례식을 능숙하게 풀어냄."
6수02-04,매우잘함,2,"비례식의 원리를 논리적으로 설명하며 복잡한 비례식 문제도 정확히 해결함."
6수02-04,잘함,1,"비례식의 성질을 이해하고 이를 활용하여 간단한 비례식을 바르게 풀어냄."
6수02-04,잘함,2,"비례식을 알고 그 성질을 이해하여 문제를 정확하게 해결함."
6수02-04,보통,1,"비례식의 개념을 익히는 중이며 반복 학습을 통해 풀이에 점차 자신감을 갖추어감."
6수02-04,보통,2,"안내된 절차에 따라 간단한 비례식을 풀며 꾸준히 실력을 다져가고 있음."
6수03-05,매우잘함,1,"각기둥과 각뿔의 구성 요소와 성질을 깊이 있게 탐구하고 이를 논리적으로 설명함."
6수03-05,매우잘함,2,"실생활에서 각기둥과 각뿔의 예를 찾아 그 성질을 정확히 탐구하고 발표함."
6수03-05,잘함,1,"각기둥과 각뿔의 면, 모서리, 꼭짓점을 찾고 그 성질을 바르게 설명함."
6수03-05,잘함,2,"각기둥과 각뿔을 이해하고 구성 요소의 특징을 정확히 파악함."
6수03-05,보통,1,"각기둥과 각뿔의 구성 요소를 찾아가는 활동에 참여하며 이해를 넓혀가고 있음."
6수03-05,보통,2,"조작 활동을 통해 각기둥과 각뿔의 기본 개념을 차근차근 익혀가는 중임."
6수03-16,매우잘함,1,"원주와 원의 넓이를 구하는 원리를 명확히 이해하고 이를 정확하고 능숙하게 계산함."
6수03-16,매우잘함,2,"원주율의 의미를 바탕으로 원주와 원의 넓이를 구하는 방법을 논리적으로 설명함."
6수03-16,잘함,1,"원주와 원의 넓이를 구하는 방법을 이해하고 이를 활용하여 정확히 구함."
6수03-16,잘함,2,"원주율을 이용하여 원주와 원의 넓이를 정확하고 바르게 계산함."
6수03-16,보통,1,"원주와 원의 넓이를 구하는 공식을 익히는 과정에 있으며 연습을 통해 향상되고 있음."
6수03-16,보통,2,"안내된 절차를 따라 원주와 원의 넓이를 구할 수 있으며 꾸준한 향상이 기대됨."
6수04-01,매우잘함,1,"평균의 의미와 유용성을 깊이 인식하고 다양한 자료의 평균을 구해 의미 있게 해석함."
6수04-01,매우잘함,2,"여러 집단의 자료를 수집해 평균을 정확히 구하고 그 결과를 논리적으로 해석함."
6수04-01,잘함,1,"평균의 의미를 이해하고 주어진 자료의 평균을 정확히 구하고 해석함."
6수04-01,잘함,2,"자료를 수집하여 평균을 구하고 그 의미를 바르게 파악함."
6수04-01,보통,1,"평균의 개념을 익혀가는 중이며 간단한 자료의 평균 구하기 연습을 이어가고 있음."
6수04-01,보통,2,"안내에 따라 간단한 자료의 평균을 구할 수 있으며 점차 향상되고 있음."
6사01-02,매우잘함,1,"독도의 지리적 특성과 역사적 근거 자료를 정확히 분석하여 우리 영토로서의 중요성을 논리적으로 설명함."
6사01-02,매우잘함,2,"다양한 역사 기록과 지리 자료를 근거로 독도가 우리 영토임을 설득력 있게 발표함."
6사01-02,잘함,1,"독도의 지리적 특징과 관련 역사 자료를 조사하여 독도의 영토적 중요성을 설명함."
6사01-02,잘함,2,"독도에 대한 자료를 찾아 정리하고 우리 영토로서 독도의 가치를 이해하고 있음."
6사01-02,보통,1,"독도의 위치와 역사적 사실에 관심을 갖고 있으며, 자료를 살펴보면 이해가 깊어질 것으로 기대됨."
6사01-02,보통,2,"독도가 우리 영토임을 인식하고 있으며, 다양한 자료를 접하며 지식을 넓혀갈 가능성이 보임."
6사05-01,매우잘함,1,"유교 문화가 조선 시대 사람들의 생각과 생활에 미친 영향을 다양한 사례로 깊이 있게 분석함."
6사05-01,매우잘함,2,"조선 시대 생활 속에 담긴 유교적 가치관을 구체적 근거를 들어 명확히 설명함."
6사05-01,잘함,1,"유교 문화가 조선 시대 사람들의 생활에 미친 영향을 사례를 들어 설명함."
6사05-01,잘함,2,"조선 시대의 생활 모습에서 유교 문화의 흔적을 찾아 정리함."
6사05-01,보통,1,"유교 문화와 조선 시대 생활의 관련성에 관심을 보이며, 사례 학습을 더하면 이해가 깊어질 것으로 보임."
6사05-01,보통,2,"조선 시대 사람들의 생활에 유교가 영향을 주었음을 알고 있으며, 꾸준한 학습으로 성장이 기대됨."
6사06-01,매우잘함,1,"일제의 식민 통치와 독립운동이 사회와 생활에 미친 영향을 다양한 자료로 심도 있게 분석함."
6사06-01,매우잘함,2,"일제 강점기 저항 운동의 의미를 구체적 사례를 근거로 조리 있게 설명함."
6사06-01,잘함,1,"일제의 식민 통치와 저항이 사회와 생활에 미친 영향을 사례를 들어 설명함."
6사06-01,잘함,2,"일제 강점기 우리 민족의 저항 활동을 조사하여 발표함."
6사06-01,보통,1,"일제 강점기 역사에 관심을 갖고 있으며, 관련 자료를 더 살펴보면 이해가 깊어질 것으로 기대됨."
6사06-01,보통,2,"일제의 식민 통치와 저항의 의미를 알고 있으며, 꾸준한 탐구로 성장 가능성이 보임."
6사08-01,매우잘함,1,"민주주의에서 선거의 의미와 역할을 명확히 이해하고, 시민 주권 행사의 중요성을 논리적으로 설명함."
6사08-01,매우잘함,2,"선거가 민주 사회에 필요한 이유를 구체적 근거로 제시하며 적극적인 참여 태도를 보임."
6사08-01,잘함,1,"선거의 의미와 역할을 이해하고, 시민으로서 선거에 참여하려는 태도를 지님."
6사08-01,잘함,2,"민주주의에서 선거가 갖는 역할을 조사하여 정리하고 발표함."
6사08-01,보통,1,"선거의 의미에 관심을 갖고 있으며, 참여 태도를 더 기르면 시민 의식이 성장할 것으로 기대됨."
6사08-01,보통,2,"선거와 민주주의의 관계를 알아가고 있으며, 꾸준한 학습으로 이해가 넓어질 가능성이 보임."
6사08-02,매우잘함,1,"국회, 행정부, 법원의 역할을 정확히 이해하고 권력 분립의 필요성을 논리적으로 설명함."
6사08-02,매우잘함,2,"삼권분립의 원리를 구체적 사례로 분석하여 조리 있게 발표함."
6사08-02,잘함,1,"국회, 행정부, 법원이 하는 일을 조사하고 권력 분립의 이유를 설명함."
6사08-02,잘함,2,"국가기관별 역할을 정리하여 권력 분립의 의미를 이해하고 있음."
6사08-02,보통,1,"국가기관의 역할에 관심을 갖고 있으며, 권력 분립의 이유를 더 탐구하면 이해가 깊어질 것으로 기대됨."
6사08-02,보통,2,"국회, 행정부, 법원의 이름과 역할을 알아가고 있으며, 꾸준한 학습으로 성장이 기대됨."
6사11-01,매우잘함,1,"시장경제에서 가계와 기업의 역할을 정확히 이해하고 근로자의 권리를 논리적으로 설명함."
6사11-01,매우잘함,2,"기업의 자유와 사회적 책임의 관계를 구체적 사례로 분석하여 발표함."
6사11-01,잘함,1,"가계와 기업의 역할을 이해하고, 근로자의 권리와 기업의 책임을 조사함."
6사11-01,잘함,2,"시장경제 속에서 가계와 기업이 맡은 역할과 관계를 조사하여 알기 쉽게 설명함."
6사11-01,보통,1,"가계와 기업의 역할에 관심을 갖고 있으며, 관련 사례를 더 살펴보면 이해가 깊어질 것으로 기대됨."
6사11-01,보통,2,"시장경제에서 근로자의 권리가 중요함을 알아가고 있으며, 꾸준한 학습이 기대됨."
6사12-02,매우잘함,1,"지구촌이 직면한 다양한 문제를 정확히 파악하고 지속가능한 해결 방안을 논리적으로 제시함."
6사12-02,매우잘함,2,"기후변화 등 지구촌 문제의 원인을 분석하고 창의적인 해결책을 발표함."
6사12-02,잘함,1,"지구촌의 여러 문제를 조사하고 지속가능한 미래를 위한 방안을 설명함."
6사12-02,잘함,2,"지구촌 문제 해결을 위한 실천 방안을 정리하여 발표함."
6사12-02,보통,1,"지구촌 문제에 관심을 갖고 있으며, 해결 방안을 더 탐색하면 이해가 깊어질 것으로 기대됨."
6사12-02,보통,2,"지속가능한 미래의 중요성을 알아가고 있으며, 꾸준한 관심으로 성장 가능성이 보임."
6과01-01,매우잘함,1,"지층이 쌓이는 원리를 정확히 이해하고 모형으로 정교하게 표현함."
6과01-01,매우잘함,2,"다양한 지층 자료를 분석하여 형성 과정을 창의적인 모형으로 완성해 보임."
6과01-01,잘함,1,"지층이 만들어지는 과정을 이해하고 이를 모형으로 표현하는 활동에 성실히 참여함."
6과01-01,잘함,2,"퇴적물이 쌓여 지층이 되는 순서를 모형 제작을 통해 무리 없이 설명함."
6과01-01,보통,1,"지층의 형성 과정에 관심을 가지고 모형 표현 활동에 꾸준히 참여하는 모습을 보임."
6과01-01,보통,2,"지층이 만들어지는 원리를 이해하려 노력하며 모형 활동에 점차 익숙해지는 모습을 보임."
6과04-02,매우잘함,1,"소화·순환·호흡·배설 기관의 구조와 기능을 깊이 있게 이해하고 상호 관련성을 논리적으로 설명함."
6과04-02,매우잘함,2,"우리 몸 각 기관의 작용을 통합적으로 분석하여 유기적 연관성을 명확하게 발표함."
6과04-02,잘함,1,"소화·순환·호흡·배설 기관의 기능을 이해하고 기관 간의 관련성을 설명할 수 있음."
6과04-02,잘함,2,"우리 몸의 여러 기관이 하는 일을 파악하고 이를 자신의 언어로 무리 없이 표현함."
6과04-02,보통,1,"우리 몸의 여러 기관에 관심을 가지고 그 기능을 알아가려는 태도를 보임."
6과04-02,보통,2,"몸속 기관들의 역할을 이해하는 활동에 성실히 참여하며 점차 향상되는 모습을 보임."
6과07-01,매우잘함,1,"온도계의 원리를 정확히 이해하고 다양한 물체의 온도를 정밀하게 측정함."
6과07-01,매우잘함,2,"온도의 개념을 명확히 이해하고 여러 상황에서 온도계를 능숙하게 활용함."
6과07-01,잘함,1,"온도의 의미를 이해하고 온도계를 이용해 물체의 온도를 정확히 측정함."
6과07-01,잘함,2,"물체의 차갑고 따뜻한 정도를 온도로 나타낼 수 있으며 측정 활동에 적극 참여함."
6과07-01,보통,1,"온도계 사용법을 익히며 온도 측정 활동에 꾸준히 관심을 기울임."
6과07-01,보통,2,"온도의 개념을 이해하려 노력하며 측정 활동에 점차 익숙해지는 모습을 보임."
6과09-01,매우잘함,1,"지시약의 색 변화를 정밀히 관찰하여 여러 용액을 산성과 염기성으로 정확히 분류함."
6과09-01,매우잘함,2,"다양한 지시약 실험 결과를 논리적으로 분석하여 용액의 성질을 명확히 구분함."
6과09-01,잘함,1,"지시약의 변화를 관찰하여 용액을 산성 용액과 염기성 용액으로 분류할 수 있음."
6과09-01,잘함,2,"여러 용액에 지시약을 넣는 실험에 적극 참여하여 결과를 무리 없이 해석함."
6과09-01,보통,1,"지시약을 이용한 용액 분류 활동에 관심을 가지고 꾸준히 참여함."
6과09-01,보통,2,"용액의 성질을 구분하는 실험 과정을 이해하려 노력하는 모습을 보임."
6과10-02,매우잘함,1,"이동 거리와 걸린 시간을 정확히 측정하여 속력을 구하고 빠르기를 논리적으로 비교함."
6과10-02,매우잘함,2,"다양한 물체의 속력을 정밀하게 계산하여 그 빠르기의 차이를 명확히 설명함."
6과10-02,잘함,1,"물체의 이동 거리와 시간을 측정하여 속력을 구하고 빠르기를 비교할 수 있음."
6과10-02,잘함,2,"속력을 구하는 방법을 이해하고 여러 물체의 빠르기를 무리 없이 비교함."
6과10-02,보통,1,"속력의 개념을 이해하려 노력하며 관련 활동에 꾸준히 참여함."
6과10-02,보통,2,"이동 거리와 시간을 측정하는 활동에 관심을 가지고 점차 익숙해지는 모습을 보임."
6과12-02,매우잘함,1,"지구 자전의 원리를 정확히 이해하고 낮과 밤이 생기는 이유를 논리적으로 설명함."
6과12-02,매우잘함,2,"지구본과 손전등을 활용한 모의실험으로 낮과 밤의 발생 원리를 명확히 발표함."
6과12-02,잘함,1,"지구의 자전을 이해하고 낮과 밤이 생기는 까닭을 무리 없이 설명함."
6과12-02,잘함,2,"지구가 자전하는 모습을 모형으로 표현하며 낮과 밤의 원리를 이해함."
6과12-02,보통,1,"지구의 자전과 낮밤의 관계를 이해하려 노력하는 모습을 보임."
6과12-02,보통,2,"낮과 밤이 생기는 원리에 관심을 가지고 학습 활동에 꾸준히 참여함."
6영01-01,매우잘함,1,"간단한 단어와 문장을 듣고 강세, 리듬, 억양의 차이를 정확하고 섬세하게 구분해 냄."
6영01-01,매우잘함,2,"영어 문장의 강세와 억양을 귀 기울여 듣고 매우 정확히 식별하는 뛰어난 청취 능력을 보임."
6영01-01,잘함,1,"간단한 단어와 문장의 강세, 리듬, 억양을 듣고 대체로 정확하게 구분함."
6영01-01,잘함,2,"영어 문장을 들으며 강세와 억양의 차이를 무리 없이 파악하는 태도를 보임."
6영01-01,보통,1,"반복하여 들려주면 간단한 단어와 문장의 강세와 억양을 구분할 수 있어 꾸준한 듣기 연습이 기대됨."
6영01-01,보통,2,"강세와 억양을 식별하는 데 조금씩 익숙해지고 있어 다양한 듣기 활동을 통한 성장이 기대됨."
6영01-04,매우잘함,1,"일상생활 주제의 대화를 듣고 세부 정보를 빠짐없이 정확하게 찾아냄."
6영01-04,매우잘함,2,"다양한 생활 주제 이야기를 들으며 필요한 세부 정보를 매우 정확히 파악하는 능력이 뛰어남."
6영01-04,잘함,1,"일상생활 주제에 관한 이야기를 듣고 세부 정보를 대체로 잘 파악함."
6영01-04,잘함,2,"생활 주제 대화를 들으며 필요한 정보를 어렵지 않게 찾아내는 모습을 보임."
6영01-04,보통,1,"핵심 표현을 짚어 주면 이야기 속 세부 정보를 찾아낼 수 있어 점진적 향상이 기대됨."
6영01-04,보통,2,"반복 청취를 통해 세부 정보를 파악하는 능력이 조금씩 향상되고 있어 꾸준한 지도가 필요함."
6영01-02,매우잘함,1,"간단한 단어와 문장을 강세, 리듬, 억양에 맞추어 매우 유창하고 정확하게 소리 내어 읽음."
6영01-02,매우잘함,2,"영어 문장을 자연스러운 억양과 리듬으로 읽어 내는 뛰어난 낭독 실력을 보임."
6영01-02,잘함,1,"간단한 단어와 문장을 강세와 리듬에 맞게 소리 내어 읽음."
6영01-02,잘함,2,"영어 문장을 비교적 자연스러운 억양으로 읽어 내는 모습을 보임."
6영01-02,보통,1,"짧은 문장을 또박또박 읽을 수 있으며 억양과 강세 지도를 통한 향상이 기대됨."
6영01-02,보통,2,"반복 연습을 하면 문장을 강세에 맞게 읽는 능력이 점차 향상될 것으로 기대됨."
6영01-05,매우잘함,1,"일상생활 주제의 글을 읽고 중심 내용을 명확하고 정확하게 파악함."
6영01-05,매우잘함,2,"다양한 생활 주제의 글에서 핵심 내용을 빠르고 정확하게 찾아내는 독해력이 뛰어남."
6영01-05,잘함,1,"생활 주제에 관한 글을 읽고 중심 내용을 대체로 잘 파악함."
6영01-05,잘함,2,"글을 읽으며 전체적인 내용과 요지를 무리 없이 이해하는 모습을 보임."
6영01-05,보통,1,"핵심 어휘를 짚어 주면 글의 중심 내용을 파악할 수 있어 독해력 향상이 기대됨."
6영01-05,보통,2,"반복하여 읽으면서 글의 중심 내용을 파악하는 능력이 점차 향상되고 있음."
6영02-01,매우잘함,1,"간단한 단어와 문장을 강세, 리듬, 억양에 맞추어 매우 정확하고 자신 있게 말함."
6영02-01,매우잘함,2,"자연스러운 억양과 강세로 영어 문장을 말하는 뛰어난 발화 능력을 보임."
6영02-01,잘함,1,"간단한 단어와 문장을 강세와 억양에 맞게 무리 없이 말함."
6영02-01,잘함,2,"영어 문장을 비교적 자연스러운 리듬과 억양으로 말하는 모습을 보임."
6영02-01,보통,1,"문장을 천천히 따라 말하며 강세와 억양을 익혀 가고 있어 꾸준한 연습이 기대됨."
6영02-01,보통,2,"반복 연습을 통해 문장을 강세에 맞게 말하는 능력이 점차 향상되고 있음."
6영02-04,매우잘함,1,"주변 사람이나 사물을 간단한 문장으로 매우 구체적이고 생생하게 소개함."
6영02-04,매우잘함,2,"다양한 표현을 활용하여 주변 인물과 사물을 창의적으로 묘사하는 뛰어난 표현력을 보임."
6영02-04,잘함,1,"주변 사람이나 사물을 간단한 문장으로 무리 없이 소개하거나 묘사함."
6영02-04,잘함,2,"익힌 표현을 활용하여 주변 대상을 문장으로 잘 설명하는 모습을 보임."
6영02-04,보통,1,"예시 표현을 참고하여 주변 사람이나 사물을 간단히 소개할 수 있어 표현력 신장이 기대됨."
6영02-04,보통,2,"도움을 받아 주변 대상을 문장으로 묘사할 수 있어 꾸준한 연습을 통한 향상이 기대됨."
6영02-03,매우잘함,1,"알파벳 대소문자와 문장 부호를 문장에서 매우 정확하고 능숙하게 사용함."
6영02-03,매우잘함,2,"문장을 쓸 때 대소문자와 문장 부호를 실수 없이 정확하게 구분하여 사용하는 능력이 뛰어남."
6영02-03,잘함,1,"알파벳 대소문자와 문장 부호를 문장에서 대체로 바르게 사용함."
6영02-03,잘함,2,"문장을 쓸 때 대소문자와 문장 부호를 큰 오류 없이 사용하는 모습을 보임."
6영02-03,보통,1,"안내를 받으면 대소문자와 문장 부호를 바르게 사용할 수 있어 점진적 향상이 기대됨."
6영02-03,보통,2,"반복 연습을 통해 문장 부호와 대소문자 사용이 점차 정확해지고 있음."
6도01-01,매우잘함,1,"자주적인 삶의 의미를 깊이 이해하고 스스로 생활계획을 세워 꾸준히 실천하는 태도가 돋보임."
6도01-01,매우잘함,2,"주체적인 삶의 자세를 뚜렷이 지니고 구체적인 생활계획을 수립하여 성실히 실행에 옮김."
6도01-01,잘함,1,"자주적인 삶의 중요성을 이해하고 생활계획을 세워 실천하려고 노력함."
6도01-01,잘함,2,"스스로 생활계획을 세우는 자세를 지니고 이를 실천하는 모습을 자주 보임."
6도01-01,보통,1,"자주적인 삶에 관심을 보이며 생활계획을 세우는 경험을 통해 실천력을 점차 키워가고 있음."
6도01-01,보통,2,"생활계획 세우기에 흥미를 나타내며 꾸준한 실천으로 나아가려는 태도를 길러가는 중임."
6도02-01,매우잘함,1,"봉사의 의미와 중요성을 깊이 깨닫고 타인의 상황에 세심히 공감하며 적극적으로 봉사를 실천함."
6도02-01,매우잘함,2,"타인이 처한 어려움에 진심 어린 관심을 기울이며 자발적인 봉사 활동을 꾸준히 이어감."
6도02-01,잘함,1,"봉사의 필요성을 이해하고 주변 사람의 상황에 관심을 가지며 봉사를 실천하려고 노력함."
6도02-01,잘함,2,"타인을 배려하는 마음으로 봉사 활동에 참여하며 실천하는 모습을 보임."
6도02-01,보통,1,"봉사의 의미에 관심을 가지며 타인의 상황을 살펴보는 경험을 통해 실천 의지를 키워가고 있음."
6도02-01,보통,2,"봉사 활동에 참여하는 경험을 쌓으며 타인을 향한 관심과 실천력을 점차 넓혀가는 중임."
6도03-01,매우잘함,1,"다양한 인권 사례를 깊이 살펴보고 인권 감수성을 풍부하게 길러 이를 실천하려는 의지가 뚜렷함."
6도03-01,매우잘함,2,"인권 침해 사례에 예민하게 반응하며 인권 존중을 생활 속에서 적극적으로 실천함."
6도03-01,잘함,1,"인권과 관련된 사례를 살펴보며 인권 감수성을 기르고 이를 실천하려고 노력함."
6도03-01,잘함,2,"인권의 소중함을 이해하고 이를 존중하는 태도를 생활 속에서 보임."
6도03-01,보통,1,"인권 관련 사례에 관심을 가지며 인권 감수성을 점차 길러가고 있음."
6도03-01,보통,2,"인권의 의미를 살펴보는 활동에 참여하며 존중하는 태도를 조금씩 키워가는 중임."
6도03-02,매우잘함,1,"정의의 의미를 깊이 탐구하고 공정한 공동체 규칙을 스스로 고안하여 기초적 시민의식이 뛰어남."
6도03-02,매우잘함,2,"공동체 규칙의 중요성을 명확히 이해하고 공정한 규칙을 창의적으로 제안하는 능력이 돋보임."
6도03-02,잘함,1,"정의에 관심을 가지고 공동체 규칙의 중요성을 이해하며 공정한 규칙을 고안하려고 노력함."
6도03-02,잘함,2,"공정한 규칙을 만드는 활동에 참여하며 시민의식을 기르는 모습을 보임."
6도03-02,보통,1,"정의와 공동체 규칙에 관심을 가지며 공정한 규칙을 고안하는 능력을 점차 길러가고 있음."
6도03-02,보통,2,"공동체 규칙 만들기 활동에 참여하며 기초적인 시민의식을 조금씩 키워가는 중임."
6도04-01,매우잘함,1,"지구 환경 위기 상황을 깊이 이해하고 이를 극복할 다양한 방안을 찾아 일상에서 적극적으로 실천함."
6도04-01,매우잘함,2,"환경 위기의 심각성을 정확히 인식하고 지속 가능한 실천 방안을 스스로 찾아 꾸준히 행동함."
6도04-01,잘함,1,"지구 환경 위기 상황을 이해하고 이를 극복하기 위한 방안을 찾아 실천하려고 노력함."
6도04-01,잘함,2,"환경 보호의 필요성을 이해하고 일상에서 실천하는 모습을 자주 보임."
6도04-01,보통,1,"지구 환경 위기에 관심을 가지며 실천 방안을 찾아가는 노력을 점차 기울이고 있음."
6도04-01,보통,2,"환경 문제에 관심을 보이며 실천 방안을 탐색하는 태도를 조금씩 길러가는 중임."
6실01-02,매우잘함,1,"자기 관리 방법을 깊이 있게 탐색하여 올바른 생활습관을 스스로 계획하고 꾸준히 실천함."
6실01-02,매우잘함,2,"건강한 성장을 위해 필요한 생활 습관을 정확히 파악하고 이를 일상에서 모범적으로 실천함."
6실01-02,잘함,1,"건강한 발달을 위한 자기 관리 방법을 이해하고 생활습관 개선 계획을 세워 실천함."
6실01-02,잘함,2,"올바른 생활습관의 중요성을 인식하고 이를 실천하려는 태도를 꾸준히 보임."
6실01-02,보통,1,"자기 관리 방법에 관심을 보이며 생활습관 개선을 위해 노력하는 모습을 보임."
6실01-02,보통,2,"건강한 생활습관 형성의 필요성을 알아가고 있으며 점차 실천 노력을 더해감."
6실02-02,매우잘함,1,"생활자원 관리의 필요성을 정확히 인식하고 합리적인 보관·활용 방법을 능숙하게 익힘."
6실02-02,매우잘함,2,"시간과 용돈 등 생활자원을 계획적으로 관리하는 방법을 창의적으로 탐색하여 익힘."
6실02-02,잘함,1,"생활자원 관리의 필요성을 이해하고 합리적인 보관과 활용 방법을 익혀 나감."
6실02-02,잘함,2,"생활자원을 아껴 쓰는 방법을 파악하고 이를 실생활에 적용하려 노력함."
6실02-02,보통,1,"생활자원 관리의 중요성에 관심을 갖고 활용 방법을 조금씩 익혀가는 중임."
6실02-02,보통,2,"생활자원을 합리적으로 관리하는 방법에 대해 이해의 폭을 넓혀가고 있음."
6실03-02,매우잘함,1,"발명사고기법을 활용해 생활 속 문제를 창의적으로 해결하는 제품을 구상하고 완성도 있게 제작함."
6실03-02,매우잘함,2,"기술적 문제 해결 과정을 논리적으로 적용하여 독창적인 발명품을 설계하고 만들어 냄."
6실03-02,잘함,1,"발명사고기법과 문제 해결 과정을 이해하고 다양한 재료로 생활 속 문제를 해결하는 제품을 만듦."
6실03-02,잘함,2,"생활 속 불편함을 찾아 이를 해결할 아이디어를 구상하고 재료를 활용해 제작함."
6실03-02,보통,1,"발명사고기법에 관심을 갖고 생활 속 문제 해결 아이디어를 구상해 보려 노력함."
6실03-02,보통,2,"기술적 문제 해결 과정을 이해해 가는 중이며 제품 구상 활동에 점차 적극적으로 참여함."
6실04-06,매우잘함,1,"로봇의 융합 기술을 깊이 이해하고 코딩과 프로그램을 정확히 적용해 로봇을 능숙하게 동작시킴."
6실04-06,매우잘함,2,"간단한 로봇을 창의적으로 제작하고 프로그램을 적용해 의도한 대로 작동시켜 융합 기술의 가치를 인식함."
6실04-06,잘함,1,"로봇의 융합 기술을 이해하고 코딩을 적용하여 로봇을 동작시키는 체험을 성실히 수행함."
6실04-06,잘함,2,"간단한 로봇을 만들어 프로그램을 적용해 동작시키며 융합 기술의 원리를 파악함."
6실04-06,보통,1,"로봇의 융합 기술에 관심을 갖고 코딩 적용 활동에 점차 익숙해지고 있음."
6실04-06,보통,2,"로봇을 만들고 동작시키는 체험 활동에 참여하며 관련 개념을 조금씩 이해해감."
6실05-02,매우잘함,1,"컴퓨터에게 명령하는 방법을 정확히 체험하고 주어진 문제를 해결하는 프로그램을 완성도 있게 작성함."
6실05-02,매우잘함,2,"프로그래밍 절차를 논리적으로 구성하여 문제를 해결하는 프로그램을 창의적으로 작성함."
6실05-02,잘함,1,"컴퓨터에 명령하는 방법을 체험하고 주어진 문제를 해결하는 프로그램을 작성함."
6실05-02,잘함,2,"절차적 사고를 바탕으로 프로그램 명령어를 구성해 문제를 해결함."
6실05-02,보통,1,"컴퓨터 명령 방법에 관심을 갖고 프로그램 작성 활동에 차츰 익숙해지고 있음."
6실05-02,보통,2,"문제를 해결하는 프로그램 작성 과정을 따라가며 이해를 넓혀가는 중임."
6실05-05,매우잘함,1,"인공지능이 만들어지는 과정을 정확히 이해하고 사회에 미치는 영향을 깊이 있게 탐색함."
6실05-05,매우잘함,2,"인공지능 학습 원리를 체험을 통해 파악하고 그 사회적 영향을 다각도로 분석함."
6실05-05,잘함,1,"인공지능이 만들어지는 과정을 체험하고 사회에 미치는 영향을 탐색함."
6실05-05,잘함,2,"인공지능의 원리를 이해하려 노력하며 생활 속 활용 사례와 영향을 살펴봄."
6실05-05,보통,1,"인공지능이 만들어지는 과정에 관심을 갖고 관련 내용을 조금씩 이해해감."
6실05-05,보통,2,"인공지능이 사회에 미치는 영향에 대해 생각해보는 활동에 점차 참여도를 높여감."
6체01-01,매우잘함,1,"건강 체력과 운동 체력의 의미와 요소를 정확히 이해하고 자신에게 맞는 운동 방법을 창의적으로 탐색함."
6체01-01,매우잘함,2,"체력의 개념을 명확히 구분하며 다양한 운동 방법을 스스로 찾아 적용하는 능력이 뛰어남."
6체01-01,잘함,1,"건강 체력과 운동 체력의 요소를 이해하고 여러 운동 방법을 탐색하여 실천함."
6체01-01,잘함,2,"체력 요소의 의미를 파악하고 자신에게 맞는 운동 방법을 찾아 시도함."
6체01-01,보통,1,"체력 요소에 대한 기초적인 이해를 갖추고 있으며 다양한 운동 방법 탐색에 점차 관심을 보임."
6체01-01,보통,2,"건강 체력과 운동 체력의 개념을 익혀가는 과정에 있으며 꾸준한 탐색으로 향상이 기대됨."
6체01-04,매우잘함,1,"운동 중 발생할 수 있는 위험 상황을 정확히 예측하고 침착하게 예방 및 대처 방법을 실천함."
6체01-04,매우잘함,2,"생활 속 위험 요소를 민감하게 인지하고 안전 수칙을 스스로 세워 실천하는 태도가 돋보임."
6체01-04,잘함,1,"운동 및 생활 속 위험 상황을 파악하고 예방과 대처 방법을 익혀 안전하게 활동함."
6체01-04,잘함,2,"성장 발달을 저해하는 생활 방식의 문제점을 이해하고 안전하게 행동하려 노력함."
6체01-04,보통,1,"위험 상황 예방과 대처 방법에 대해 배워가고 있으며 안전 의식이 점차 자리 잡음."
6체01-04,보통,2,"생활 속 위험 요소에 대한 이해가 형성되는 중이며 반복 지도를 통해 안전 습관 형성이 기대됨."
6체01-05,매우잘함,1,"체력 운동을 끈기 있게 규칙적으로 수행하며 목표를 세워 꾸준히 실천하는 모습이 매우 우수함."
6체01-05,매우잘함,2,"힘든 순간에도 포기하지 않고 체력 운동을 성실하고 규칙적으로 지속하는 근성을 보임."
6체01-05,잘함,1,"체력 운동을 끈기 있게 규칙적으로 수행하며 성실한 태도를 보임."
6체01-05,잘함,2,"정해진 체력 운동을 꾸준히 반복하며 자기 관리 능력을 발휘함."
6체01-05,보통,1,"체력 운동 수행에 대한 흥미가 자라고 있으며 꾸준함을 기르면 좋은 결과가 기대됨."
6체01-05,보통,2,"규칙적인 체력 운동 습관이 형성되는 과정에 있으며 지속적인 격려가 도움이 될 것으로 보임."
6체02-02,매우잘함,1,"기술형 스포츠의 기본 움직임 기술을 응용한 동작을 정확하고 능숙하게 수행함."
6체02-02,매우잘함,2,"기술형 스포츠의 기본 기능을 빠르게 습득하여 세련된 동작으로 완성도 있게 구사함."
6체02-02,잘함,1,"기술형 스포츠 유형별 기본 움직임 기술을 파악하고 기본 기능을 수행함."
6체02-02,잘함,2,"기술형 스포츠의 기본 동작을 이해하고 이를 적용하여 무리 없이 수행함."
6체02-02,보통,1,"기술형 스포츠의 기본 기능을 익혀가는 중이며 반복 연습을 통해 향상될 것으로 기대됨."
6체02-02,보통,2,"기본 움직임 기술 습득에 노력하고 있으며 꾸준한 연습으로 능숙해질 가능성이 보임."
6체02-11,매우잘함,1,"스포츠 활동에서 팀원과 적극적으로 협력하고 구성원을 배려하는 태도가 매우 돋보임."
6체02-11,매우잘함,2,"경기 중 팀원의 의견을 존중하고 서로 도와가며 배려하는 모습을 모범적으로 실천함."
6체02-11,잘함,1,"스포츠 활동에 참여하며 팀원과 협력하고 구성원을 배려하는 태도를 보임."
6체02-11,잘함,2,"경기 상황에서 팀원과 협동하며 상대를 배려하는 모습을 꾸준히 실천함."
6체02-11,보통,1,"팀원과의 협력에 관심을 갖고 참여하고 있으며 배려하는 태도가 점차 자라남."
6체02-11,보통,2,"스포츠 활동 속에서 협동의 의미를 배워가는 중이며 앞으로의 성장이 기대됨."
6체03-03,매우잘함,1,"스포츠 표현의 기본 동작을 창의적으로 구성하여 완성도 높은 작품을 발표하고 깊이 있게 감상함."
6체03-03,매우잘함,2,"스포츠 표현 동작을 다채롭게 구성해 발표하며 다른 작품의 의도를 섬세하게 감상함."
6체03-03,잘함,1,"스포츠 표현의 기본 동작을 다양하게 구성하여 발표하고 감상함."
6체03-03,잘함,2,"스포츠 표현 동작을 여러 형태로 구성하여 무대에서 발표하고 친구의 작품을 감상함."
6체03-03,보통,1,"스포츠 표현 동작 구성에 관심을 보이며 발표와 감상 활동에 점차 익숙해지고 있음."
6체03-03,보통,2,"스포츠 표현의 기본 동작을 익히는 중이며 연습을 통해 표현력이 향상될 것으로 기대됨."
6체03-08,매우잘함,1,"다양한 표현 활동 유형을 폭넓게 수용하고 움직임 표현의 아름다움을 적극적으로 추구함."
6체03-08,매우잘함,2,"여러 표현 활동을 편견 없이 즐기며 동작 하나하나에서 아름다움을 찾아내는 안목이 뛰어남."
6체03-08,잘함,1,"다양한 표현 활동 유형을 수용하고 움직임 표현의 아름다움을 추구함."
6체03-08,잘함,2,"여러 표현 활동에 열린 태도로 참여하며 동작의 심미성을 느끼려 노력함."
6체03-08,보통,1,"다양한 표현 활동에 대한 이해가 넓어지고 있으며 심미적 안목이 점차 성장하고 있음."
6체03-08,보통,2,"표현 활동의 아름다움을 느끼는 경험을 쌓아가는 중이며 꾸준한 참여로 발전이 기대됨."
6음01-01,매우잘함,1,"바른 자세와 주법을 완전히 익혀 노래와 악기 연주에 곡의 느낌을 섬세하게 담아냄."
6음01-01,매우잘함,2,"다양한 표현 기법을 능숙히 구사하여 노래와 악기 연주 모두에서 풍부한 감정을 전달함."
6음01-01,잘함,1,"바른 주법을 익혀 노래나 악기 연주에서 곡의 느낌을 안정적으로 표현함."
6음01-01,잘함,2,"표현 기법을 이해하고 적용하여 곡의 분위기를 무리 없이 살려 연주함."
6음01-01,보통,1,"기본적인 주법을 익히는 중이며 꾸준히 연습하면 표현력이 더욱 향상될 것으로 보임."
6음01-01,보통,2,"노래와 악기 연주에 관심을 갖고 참여하며 자신의 느낌을 담아내려 노력하는 모습을 보임."
6음01-04,매우잘함,1,"학급 행사에 어울리는 곡을 스스로 선정하고 준비하여 생활 속 음악 활동을 주도적으로 실천함."
6음01-04,매우잘함,2,"생활 속에서 필요한 음악을 찾아 간단한 연주를 계획하고 발표하며 음악을 적극적으로 생활화함."
6음01-04,잘함,1,"간단한 형태의 연주를 미리 준비하여 생활 속 음악 활동에 성실히 참여함."
6음01-04,잘함,2,"상황에 맞는 곡을 준비해 발표함으로써 음악을 생활 속에서 실천하려는 태도를 보임."
6음01-04,보통,1,"안내에 따라 간단한 연주를 준비하며 생활 속 음악 활동에 조금씩 참여를 넓혀가고 있음."
6음01-04,보통,2,"음악 활동 준비 과정에 관심을 보이며 앞으로 더 적극적인 참여가 기대됨."
6음02-01,매우잘함,1,"다양한 악곡을 들으며 리듬, 가락, 셈여림 등 음악 요소를 정확히 감지하고 구별함."
6음02-01,매우잘함,2,"예민한 청각적 감수성으로 곡에 담긴 여러 음악 요소의 차이를 명확하게 구별해냄."
6음02-01,잘함,1,"음악을 들으며 주요 음악 요소를 대체로 정확하게 감지하고 구별함."
6음02-01,잘함,2,"곡을 감상하며 리듬이나 가락 등의 요소를 무리 없이 파악함."
6음02-01,보통,1,"음악을 들으며 요소를 찾아보려 노력하고 있으며 점차 구별 능력이 향상될 것으로 보임."
6음02-01,보통,2,"감상 활동에 흥미를 보이며 음악 요소에 대한 이해를 넓혀가고 있음."
6음02-04,매우잘함,1,"일상에서 다양한 음악을 스스로 찾아 들으며 그 아름다움에 깊이 공감하는 태도를 보임."
6음02-04,매우잘함,2,"생활 속 여러 장르의 음악을 즐겨 찾아 들으며 느낀 감동을 풍부하게 표현함."
6음02-04,잘함,1,"생활 속에서 음악을 즐겨 들으며 음악의 아름다움에 공감하는 모습을 보임."
6음02-04,잘함,2,"다양한 음악을 찾아 들으며 자신의 느낌을 자연스럽게 나타냄."
6음02-04,보통,1,"생활 속 음악에 관심을 갖기 시작했으며 점차 다양한 곡을 찾아 듣기를 기대함."
6음02-04,보통,2,"안내된 음악을 들으며 느낌을 표현해 보려 노력하는 모습을 보임."
6음03-01,매우잘함,1,"자신의 느낌과 아이디어를 창의적으로 떠올려 다양한 매체로 자신 있게 표현함."
6음03-01,매우잘함,2,"풍부한 상상력을 바탕으로 여러 방법을 활용해 자신만의 음악적 생각을 자신감 있게 나타냄."
6음03-01,잘함,1,"자신의 느낌과 생각을 떠올려 여러 방법으로 무리 없이 표현함."
6음03-01,잘함,2,"다양한 매체를 활용하여 자신의 아이디어를 안정적으로 표현함."
6음03-01,보통,1,"느낌과 아이디어를 표현하는 데 조금씩 자신감을 갖기 시작함."
6음03-01,보통,2,"다양한 표현 방법을 탐색해 보며 점차 자기 생각을 나타내려 노력함."
6음02-02,매우잘함,1,"여러 문화권의 음악을 폭넓게 감상하며 음악적 특징과 구성을 정확히 인식함."
6음02-02,매우잘함,2,"다양한 나라의 음악을 비교하며 각 음악의 특징과 짜임새를 깊이 있게 이해함."
6음02-02,잘함,1,"여러 문화권의 음악을 듣고 음악적 특징과 구성을 대체로 잘 인식함."
6음02-02,잘함,2,"다양한 지역의 음악을 감상하며 그 특징을 무리 없이 파악함."
6음02-02,보통,1,"다양한 문화권의 음악에 관심을 갖고 감상하며 특징 인식 능력을 키워가고 있음."
6음02-02,보통,2,"여러 나라의 음악을 접하며 음악적 구성에 대한 이해를 넓혀가는 중임."
6미01-01,매우잘함,1,"시각·촉각 등 다양한 감각과 디지털 매체를 능숙히 활용해 자신과 대상의 특징을 섬세하게 탐색함."
6미01-01,매우잘함,2,"사진과 영상 등 여러 매체를 창의적으로 다루며 자신과 주변 대상을 깊이 있게 탐구해 냄."
6미01-01,잘함,1,"다양한 감각과 매체를 활용하여 자신과 대상의 특징을 무리 없이 탐색함."
6미01-01,잘함,2,"여러 감각을 동원해 주변 대상을 살펴보고 매체를 적절히 다루어 탐구함."
6미01-01,보통,1,"감각과 매체를 활용한 탐색 활동에 점차 익숙해지며 관찰의 폭을 넓혀 가는 중임."
6미01-01,보통,2,"안내에 따라 대상을 탐색하며 다양한 매체 활용 경험을 차츰 쌓아 가고 있음."
6미01-04,매우잘함,1,"광고와 포스터 속 이미지의 의미를 비판적으로 분석하고 자신의 생각을 설득력 있게 전달함."
6미01-04,매우잘함,2,"시각 이미지에 담긴 의도를 예리하게 파악하여 느낌과 생각 전달에 효과적으로 활용함."
6미01-04,잘함,1,"이미지가 나타내는 의미를 이해하고 자신의 느낌과 생각을 전달하는 데 활용함."
6미01-04,잘함,2,"생활 속 이미지의 의미를 파악하여 자기 생각을 표현하는 데 무난히 적용함."
6미01-04,보통,1,"이미지의 의미를 이해하려 노력하며 자신의 생각을 표현하는 방법을 익혀 가는 중임."
6미01-04,보통,2,"이미지 해석 활동에 관심을 보이며 느낌을 전달하는 표현력을 점차 길러 가고 있음."
6미02-02,매우잘함,1,"디지털 매체를 포함한 다양한 표현 재료와 용구를 능숙히 탐색해 작품 제작에 창의적으로 활용함."
6미02-02,매우잘함,2,"태블릿 등 디지털 도구와 여러 재료의 특성을 정확히 파악해 완성도 높은 작품을 제작함."
6미02-02,잘함,1,"디지털 매체 등 다양한 표현 재료와 용구를 탐색하여 작품 제작에 활용함."
6미02-02,잘함,2,"여러 재료와 용구의 쓰임을 이해하고 작품 제작 과정에 적절히 적용함."
6미02-02,보통,1,"표현 재료와 용구를 다루는 데 조금씩 익숙해지며 작품 제작에 적용해 가는 중임."
6미02-02,보통,2,"안내와 도움을 받아 다양한 재료를 탐색하고 작품 제작에 활용하는 경험을 쌓아 감."
6미02-04,매우잘함,1,"주제 표현에 대한 강한 의지를 갖고 제작 과정을 꾸준히 성찰하며 작품을 완성도 있게 발전시킴."
6미02-04,매우잘함,2,"표현 과정을 스스로 점검하고 보완하며 작품을 끝까지 책임감 있게 완성해 냄."
6미02-04,잘함,1,"주제 표현에 의지를 갖고 표현 과정을 돌아보며 작품을 발전시킴."
6미02-04,잘함,2,"제작 과정을 되돌아보며 부족한 부분을 보완해 작품을 완성함."
6미02-04,보통,1,"표현 과정을 돌아보는 태도를 기르며 작품을 완성해 가려는 노력을 보임."
6미02-04,보통,2,"교사의 격려에 힘입어 작품 제작을 끝까지 이어 가는 태도를 보여 줌."
6미03-02,매우잘함,1,"작품의 소재와 주제, 재료와 표현 방법을 정교하게 분석하여 특징을 논리적으로 설명함."
6미03-02,매우잘함,2,"조형 요소와 원리를 근거로 작품의 내용과 형식을 깊이 있게 해석해 발표함."
6미03-02,잘함,1,"미술 작품의 내용과 형식을 분석하여 작품의 특징을 설명함."
6미03-02,잘함,2,"작품의 소재와 표현 방법을 살펴보고 특징을 자기 언어로 정리해 설명함."
6미03-02,보통,1,"작품의 내용과 형식을 분석하는 방법을 익히며 특징 설명 능력을 키워 가는 중임."
6미03-02,보통,2,"작품의 특징을 찾아 설명하는 활동에 흥미를 보이며 표현력을 차근차근 길러 가고 있음."
6미03-04,매우잘함,1,"다양한 감상 방법을 활용해 작품을 폭넓게 이해하고 서로 다른 관점을 존중하는 태도가 돋보임."
6미03-04,매우잘함,2,"토의와 질문 만들기 등 여러 방법으로 작품을 감상하며 타인의 관점을 열린 자세로 수용함."
6미03-04,잘함,1,"다양한 방법을 활용하여 작품을 감상하며 서로 다른 관점을 존중함."
6미03-04,잘함,2,"여러 감상 활동에 참여하며 친구들의 다양한 의견을 잘 받아들임."
6미03-04,보통,1,"작품 감상 활동에 참여하며 다른 사람의 관점을 이해하려는 태도를 조금씩 키워 감."
6미03-04,보통,2,"다양한 감상 방법에 관심을 갖고 접해 보며 관점의 다양성을 배워 가는 중임."
