standard_code,level,variant_no,template_text
4과01-01,매우잘함,1,무거운 물체와 가벼운 물체를 밀거나 당길 때 드는 힘의 크기를 정확히 비교하여 설명함.
4과01-01,매우잘함,2,힘과 관련된 현상에 흥미를 가지고 물체의 무게에 따른 힘의 크기 차이를 구체적으로 설명함.
4과01-01,잘함,1,물체를 밀거나 당길 때 나타나는 현상에 흥미를 가지고 이를 대체로 관찰함.
4과01-01,잘함,2,힘과 관련된 현상에 관심을 가지고 물체를 밀고 당기는 상황을 대략적으로 관찰함.
4과01-01,보통,1,물체를 밀고 당기는 것과 같은 힘 관련 현상에 조금씩 흥미를 가져감.
4과01-01,보통,2,힘과 관련된 현상에 관심을 보이려고 노력함.
4과01-02,매우잘함,1,수평잡기 활동을 통해 무게가 같거나 다른 여러 물체의 무게를 정확히 비교함.
4과01-02,매우잘함,2,수평잡기 원리를 구체적으로 적용하여 다양한 물체의 무게 차이를 비교함.
4과01-02,잘함,1,수평잡기 활동에서 기울어지는 현상을 관찰하여 더 무거운 물체를 대체로 찾아냄.
4과01-02,잘함,2,수평잡기 활동을 통해 두 물체의 무게 차이를 대략적으로 비교함.
4과01-02,보통,1,물체마다 무게가 서로 다르다는 것을 조금씩 알아감.
4과01-02,보통,2,무게의 의미를 이해하려고 노력함.
4과01-03,매우잘함,1,"저울의 필요성을 정확히 알고, 저울을 사용해 여러 물체의 무게를 비교하며 과학의 유용성을 인식함."
4과01-03,매우잘함,2,저울을 이용해 다양한 물체의 무게를 구체적으로 비교하고 저울 사용의 필요성을 설명함.
4과01-03,잘함,1,"저울의 필요성을 알고, 저울을 사용해 물체의 무게를 대체로 측정함."
4과01-03,잘함,2,저울을 사용하여 물체의 무게를 대략적으로 측정함.
4과01-03,보통,1,일상생활에서 저울이 무게 측정에 사용됨을 조금씩 알아감.
4과01-03,보통,2,저울의 쓰임에 관심을 보임.
4과01-04,매우잘함,1,"지레와 빗면 같은 도구를 이용하면 작은 힘으로 물체를 들 수 있음을 정확히 알고, 도구 활용 사례를 조사하여 공유하며 과학적 유용성을 인식함."
4과01-04,매우잘함,2,도구를 이용할 때 힘의 크기가 달라짐을 구체적인 예로 설명하고 일상생활 속 활용 사례를 폭넓게 조사함.
4과01-04,잘함,1,"지레와 빗면을 사용하면 작은 힘으로 물체를 들 수 있다는 사실을 알고, 도구가 사용되는 예를 대체로 조사함."
4과01-04,잘함,2,도구를 이용하면 힘의 크기가 달라짐을 이해하고 생활 속 사용 예를 대략적으로 조사함.
4과01-04,보통,1,물체를 들어 올릴 때 지레와 빗면 같은 도구가 사용되고 있음을 조금씩 알아감.
4과01-04,보통,2,도구가 힘을 덜 들이는 데 쓰인다는 것에 관심을 보임.
4과02-01,매우잘함,1,여러 가지 동물을 관찰하고 특징에 따라 분류 기준을 정확히 세워 동물을 분류함.
4과02-01,매우잘함,2,동물의 공통점과 차이점을 구체적으로 파악하여 스스로 정한 기준으로 분류함.
4과02-01,잘함,1,여러 가지 동물을 관찰하여 공통된 특징과 구별되는 특징을 대체로 말함.
4과02-01,잘함,2,동물들 사이의 공통점과 차이점을 대략적으로 찾아 말함.
4과02-01,보통,1,여러 가지 동물을 관찰하여 그 특징을 조금씩 말해감.
4과02-01,보통,2,동물의 겉모습이나 특징에 관심을 보임.
4과02-02,매우잘함,1,다양한 환경에 서식하는 동물을 조사하여 생김새와 생활 방식이 서식 환경과 관련되어 있음을 구체적으로 설명함.
4과02-02,매우잘함,2,환경별 동물의 적응 특징을 정확히 조사하여 환경과의 관련성을 논리적으로 설명함.
4과02-02,잘함,1,다양한 환경에 따라 동물의 생김새와 생활 방식이 다름을 대체로 발표함.
4과02-02,잘함,2,환경에 따른 동물의 생김새 차이를 대략적으로 조사하여 발표함.
4과02-02,보통,1,다양한 환경에 사는 동물의 생김새를 조금씩 말해감.
4과02-02,보통,2,환경에 따라 사는 동물이 다르다는 것에 관심을 보임.
4과02-03,매우잘함,1,동물의 특징을 활용하여 생활용품을 독창적인 아이디어로 설계하고 동료와 협력적으로 소통함.
4과02-03,매우잘함,2,동물의 특징을 구체적으로 적용한 생활용품을 설계하고 그 원리를 명확히 공유함.
4과02-03,잘함,1,동물의 특징을 이용하여 생활용품을 설계하고 대체로 발표함.
4과02-03,잘함,2,동물의 특징을 반영한 생활용품 아이디어를 대략적으로 구상하여 발표함.
4과02-03,보통,1,동물의 특징을 이용해 설계한 생활용품을 조금씩 말해감.
4과02-03,보통,2,동물의 특징을 생활용품에 적용하는 활동에 관심을 보임.
4과03-01,매우잘함,1,여러 가지 식물을 관찰하고 특징에 따라 분류 기준을 정확히 세워 식물을 분류함.
4과03-01,매우잘함,2,식물의 공통점과 차이점을 구체적으로 파악하여 스스로 정한 기준으로 분류함.
4과03-01,잘함,1,여러 가지 식물을 관찰하여 공통된 특징과 구별되는 특징을 대체로 말함.
4과03-01,잘함,2,식물들 사이의 공통점과 차이점을 대략적으로 찾아 말함.
4과03-01,보통,1,여러 가지 식물을 관찰하여 그 특징을 조금씩 말해감.
4과03-01,보통,2,식물의 생김새나 특징에 관심을 보임.
4과03-02,매우잘함,1,다양한 환경에 서식하는 식물을 조사하여 생김새와 생활 방식이 서식 환경과 관련되어 있음을 구체적으로 설명함.
4과03-02,매우잘함,2,환경별 식물의 적응 특징을 정확히 조사하여 환경과의 관련성을 논리적으로 설명함.
4과03-02,잘함,1,다양한 환경에 따라 식물의 생김새와 생활 방식이 다름을 대체로 발표함.
4과03-02,잘함,2,환경에 따른 식물의 생김새 차이를 대략적으로 조사하여 발표함.
4과03-02,보통,1,다양한 환경에 서식하는 식물의 생김새를 조금씩 말해감.
4과03-02,보통,2,환경에 따라 자라는 식물이 다르다는 것에 관심을 보임.
4과03-03,매우잘함,1,식물의 특징을 활용하여 생활용품을 독창적인 아이디어로 설계하고 동료와 협력적으로 소통함.
4과03-03,매우잘함,2,식물의 특징을 구체적으로 적용한 생활용품을 설계하고 그 원리를 명확히 공유함.
4과03-03,잘함,1,식물의 특징을 이용하여 생활용품을 설계하고 대체로 발표함.
4과03-03,잘함,2,식물의 특징을 반영한 생활용품 아이디어를 대략적으로 구상하여 발표함.
4과03-03,보통,1,식물의 특징을 이용해 설계한 생활용품을 조금씩 말해감.
4과03-03,보통,2,식물의 특징을 생활용품에 적용하는 활동에 관심을 보임.
4과04-01,매우잘함,1,동물을 직접 기르면서 한살이를 관찰하고 그 내용을 글과 그림으로 구체적으로 표현하여 관찰 보고서를 작성함.
4과04-01,매우잘함,2,동물의 한살이 과정을 정확히 관찰하고 단계별 변화를 글과 그림으로 상세히 기록함.
4과04-01,잘함,1,곤충의 한살이를 관찰하여 곤충의 모습이 달라짐을 대체로 말함.
4과04-01,잘함,2,동물의 한살이 과정에서 나타나는 변화를 대략적으로 관찰하여 표현함.
4과04-01,보통,1,곤충의 한살이를 조금씩 관찰해감.
4과04-01,보통,2,동물의 자라는 과정을 관찰하는 활동에 관심을 보임.
4과04-02,매우잘함,1,씨가 싹 트거나 식물이 자라는 데 필요한 조건을 찾는 실험을 설계하여 수행하고 결과를 정확히 설명함.
4과04-02,매우잘함,2,식물의 생장 조건을 밝히는 실험을 구체적으로 계획하고 수행하여 결론을 도출함.
4과04-02,잘함,1,식물이 자라는 데 필요한 조건을 찾는 실험을 대체로 설계함.
4과04-02,잘함,2,식물 생장에 필요한 조건을 확인하는 실험을 대략적으로 계획함.
4과04-02,보통,1,식물이 자라는 데 필요한 조건을 조금씩 말해감.
4과04-02,보통,2,식물이 자라는 조건을 찾는 실험 활동에 관심을 보임.
4과04-03,매우잘함,1,여러 생물의 한살이 과정을 조사하여 한살이 유형이 다양함을 정확히 이해하고 소개 자료를 만들어 공유함.
4과04-03,매우잘함,2,생물별 한살이 유형의 차이를 구체적으로 비교하여 소개 자료를 완성하고 공유함.
4과04-03,잘함,1,여러 생물의 한살이 과정을 조사하여 한살이 유형이 다양함을 대체로 말함.
4과04-03,잘함,2,생물에 따라 한살이 유형이 다르다는 것을 대략적으로 조사하여 정리함.
4과04-03,보통,1,여러 생물의 한살이 과정을 조금씩 조사해감.
4과04-03,보통,2,생물의 한살이 유형에 관심을 보임.
4과05-01,매우잘함,1,물체를 이루는 여러 물질의 성질을 정확히 비교하여 설명하고 물질의 종류에 따라 물체를 분류함.
4과05-01,매우잘함,2,물질의 성질 차이를 구체적인 근거로 비교하고 이를 기준으로 물체를 체계적으로 분류함.
4과05-01,잘함,1,물체를 이루는 여러 물질의 성질을 관찰하여 대체로 비교함.
4과05-01,잘함,2,물질의 성질을 대략적으로 관찰하여 물체를 분류함.
4과05-01,보통,1,물체를 이루는 물질이 여러 가지임을 조금씩 알아감.
4과05-01,보통,2,물체를 이루는 물질의 종류에 관심을 보임.
4과05-02,매우잘함,1,"실험을 통해 고체, 액체, 기체가 가진 성질을 관찰하고 세 가지 상태의 성질을 정확히 비교하여 설명함."
4과05-02,매우잘함,2,"고체, 액체, 기체 각각의 성질을 구체적인 실험 결과로 비교하여 설명함."
4과05-02,잘함,1,"실험을 통해 고체, 액체, 기체의 성질을 관찰하여 대체로 말함."
4과05-02,잘함,2,물질의 세 가지 상태의 성질을 대략적으로 관찰하여 비교함.
4과05-02,보통,1,"우리 주변에 고체, 액체, 기체가 있다는 것을 조금씩 말해감."
4과05-02,보통,2,물질의 세 가지 상태에 관심을 보임.
4과05-03,매우잘함,1,물체의 쓰임새에 적합한 성질을 가진 물질을 이용해 물체를 설계하고 쓰임새와 물질의 성질을 관련지어 정확히 설명함.
4과05-03,매우잘함,2,물질의 성질을 구체적으로 분석하여 쓰임새에 맞는 물체를 창의적으로 설계함.
4과05-03,잘함,1,물체의 쓰임새에 적합한 물질을 선택하여 물체를 대체로 설계함.
4과05-03,잘함,2,물질의 성질을 대략적으로 고려하여 쓰임새 있는 물체를 설계함.
4과05-03,보통,1,다양한 물질의 성질을 이용하여 만들어진 물체를 조금씩 찾아감.
4과05-03,보통,2,물질의 성질과 물체의 쓰임새에 관심을 보임.
4과06-01,매우잘함,1,지구가 대기로 둘러싸여 있음을 알고 육지와 바다의 면적과 특징을 정확히 비교함.
4과06-01,매우잘함,2,지구 표면을 이루는 육지와 바다의 특징을 구체적인 자료를 바탕으로 비교함.
4과06-01,잘함,1,지구가 대기로 둘러싸여 있음을 알고 육지와 바다의 면적을 대체로 비교함.
4과06-01,잘함,2,지구 표면의 육지와 바다의 특징을 대략적으로 비교함.
4과06-01,보통,1,"지구에 대기, 육지, 바다가 있다는 것을 조금씩 말해감."
4과06-01,보통,2,지구의 구성 요소에 관심을 보임.
4과06-02,매우잘함,1,육지의 물과 바닷물을 가열하여 남는 물질을 탐구하여 바닷물의 특징을 육지의 물과 정확히 비교하고 바닷가 지형을 조사하여 발표함.
4과06-02,매우잘함,2,바닷물과 육지 물의 성분 차이를 구체적인 실험으로 밝히고 바닷가의 다양한 지형을 폭넓게 조사함.
4과06-02,잘함,1,육지의 물과 바닷물을 가열하여 남는 물질을 비교하고 바닷가에서 볼 수 있는 지형을 대체로 조사함.
4과06-02,잘함,2,바닷물과 육지 물의 차이를 대략적으로 비교하고 바닷가 지형을 조사함.
4과06-02,보통,1,육지의 물과 바닷물을 가열하여 남는 물질을 조금씩 관찰해감.
4과06-02,보통,2,바닷물과 육지의 물의 차이에 관심을 보임.
4과06-03,매우잘함,1,밀물과 썰물의 차이를 정확히 설명하고 갯벌의 가치와 보전의 필요성을 담은 홍보물을 제작함.
4과06-03,매우잘함,2,밀물과 썰물 현상을 구체적으로 설명하고 갯벌 보전의 필요성을 논리적으로 홍보함.
4과06-03,잘함,1,밀물과 썰물 현상을 구별하고 갯벌의 가치와 보전의 필요성을 대체로 말함.
4과06-03,잘함,2,밀물과 썰물의 차이를 대략적으로 이해하고 갯벌 보전의 필요성을 말함.
4과06-03,보통,1,밀물과 썰물 현상이 있음을 조금씩 알아감.
4과06-03,보통,2,갯벌의 소중함에 관심을 보임.
4과07-01,매우잘함,1,여러 물체를 이용해 소리를 내보고 소리가 나는 현상을 관찰하여 소리 나는 물체는 떨림이 있음을 정확히 설명함.
4과07-01,매우잘함,2,소리굽쇠 등 다양한 물체의 떨림을 구체적으로 관찰하여 소리 발생 원리를 설명함.
4과07-01,잘함,1,소리굽쇠를 관찰하여 소리가 나는 소리굽쇠는 떨림이 있음을 대체로 설명함.
4과07-01,잘함,2,물체가 떨릴 때 소리가 난다는 것을 대략적으로 관찰하여 설명함.
4과07-01,보통,1,소리가 나는 물체의 예를 조금씩 찾아감.
4과07-01,보통,2,물체를 이용해 소리를 내는 활동에 관심을 보임.
4과07-02,매우잘함,1,"물체의 길이에 따른 소리의 높낮이를 비교하고 큰 소리와 작은 소리, 높은 소리와 낮은 소리를 내는 방법을 정확히 알고 소리를 냄."
4과07-02,매우잘함,2,소리의 세기와 높낮이가 달라지는 원리를 구체적으로 파악하여 다양한 소리를 만들어냄.
4과07-02,잘함,1,"다양한 소리를 듣고 큰 소리와 작은 소리, 높은 소리와 낮은 소리로 대체로 구분함."
4과07-02,잘함,2,소리의 세기와 높낮이 차이를 대략적으로 구분함.
4과07-02,보통,1,물체에 따라 다양한 소리가 난다는 것을 조금씩 말해감.
4과07-02,보통,2,소리의 세기와 높낮이에 관심을 보임.
4과07-03,매우잘함,1,소리가 여러 물질을 통해 전달되는 것을 이해하고 일상생활 속 소음을 줄이는 방법을 조사하여 정확히 실천함.
4과07-03,매우잘함,2,소리 전달의 원리를 구체적으로 이해하고 소음 저감 방법을 조사하여 생활 속에서 적극적으로 실천함.
4과07-03,잘함,1,여러 물질을 통하여 소리가 전달되는 것을 관찰하고 소음을 줄이는 방법을 대체로 조사함.
4과07-03,잘함,2,소리 전달 현상을 대략적으로 관찰하고 소음 줄이는 방법을 조사함.
4과07-03,보통,1,소리가 전달되고 있음을 알고 일상생활 속 소음 사례를 조금씩 찾아감.
4과07-03,보통,2,소음을 줄이는 방법에 관심을 보임.
4과08-01,매우잘함,1,생활 속 감염병의 사례를 정확히 조사하여 다양한 질병과 그 위험성에 대해 논리적으로 토의함.
4과08-01,매우잘함,2,다양한 감염병 사례를 구체적으로 조사하고 위험성을 근거를 들어 토의함.
4과08-01,잘함,1,생활 속 감염병 사례를 조사하여 질병의 위험성을 대체로 발표함.
4과08-01,잘함,2,감염병 사례를 대략적으로 조사하여 위험성을 발표함.
4과08-01,보통,1,생활 속 감염병 사례를 조금씩 조사해감.
4과08-01,보통,2,감염병에 관심을 보임.
4과08-02,매우잘함,1,감염병으로부터 안전한 사회에 관심을 가지고 여러 감염 과정과 관련지어 감염 예방 방법을 탐구하여 생활 습관과 감염병 유행의 연관성을 정확히 설명함.
4과08-02,매우잘함,2,감염 경로를 구체적으로 탐구하여 생활 습관이 감염병 유행에 미치는 영향을 논리적으로 설명함.
4과08-02,잘함,1,감염병에 대해 인식하고 여러 감염 과정을 통해 감염병에 걸릴 수 있음을 이해하며 예방 생활 습관을 대체로 말함.
4과08-02,잘함,2,감염 과정을 대략적으로 이해하고 예방하는 생활 습관을 말함.
4과08-02,보통,1,감염병에 걸릴 수 있음을 알고 이를 예방하는 생활 습관을 조금씩 말해감.
4과08-02,보통,2,감염병 예방에 관심을 보임.
4과08-03,매우잘함,1,건강한 생활을 위해 필요한 감염병 예방 수칙을 토의하여 공유하고 그 중요성을 정확히 인식하여 실천함.
4과08-03,매우잘함,2,감염병 예방 수칙을 구체적으로 정리하여 공유하고 생활 속에서 꾸준히 실천함.
4과08-03,잘함,1,건강한 생활을 위해 감염병 예방 수칙을 알고 대체로 공유함.
4과08-03,잘함,2,감염병 예방 수칙을 대략적으로 파악하여 공유함.
4과08-03,보통,1,건강한 생활을 위해 감염병 예방 수칙이 필요함을 조금씩 말해감.
4과08-03,보통,2,감염병 예방 수칙에 관심을 보임.
4과09-01,매우잘함,1,자석과 여러 물체를 가까이했을 때 나타나는 다양한 현상을 통해 자석과 자석에 붙는 물체 사이에 작용하는 힘의 특징을 정확히 설명함.
4과09-01,매우잘함,2,자석의 인력이 작용하는 조건을 구체적인 사례로 분석하여 설명함.
4과09-01,잘함,1,자석과 여러 물체를 가까이했을 때 나타나는 현상을 관찰하여 자석에 붙는 물체들의 공통점을 대체로 찾음.
4과09-01,잘함,2,자석에 붙는 물체의 특징을 대략적으로 관찰하여 찾음.
4과09-01,보통,1,자석에 붙는 물체와 붙지 않는 물체를 조금씩 분류해감.
4과09-01,보통,2,자석과 물체 사이의 현상에 관심을 보임.
4과09-02,매우잘함,1,자석과 자석을 가까이했을 때 나타나는 현상을 관찰하여 같은 극과 다른 극 사이에서 나타나는 힘을 정확히 구분하고 나침반과의 관계까지 설명함.
4과09-02,매우잘함,2,자석의 극에 따른 인력과 척력을 구체적인 실험으로 구분하여 설명함.
4과09-02,잘함,1,자석에 두 극이 있음을 알고 자석 사이에서 밀거나 당기는 힘이 작용함을 대체로 말함.
4과09-02,잘함,2,같은 극과 다른 극을 가까이했을 때의 차이를 대략적으로 말함.
4과09-02,보통,1,자석과 자석을 가까이했을 때 나타나는 현상을 조금씩 관찰해감.
4과09-02,보통,2,자석의 극에 관심을 보임.
4과09-03,매우잘함,1,자석의 성질을 이용하여 일상생활에 편리한 장치를 정확히 설계하고 과학의 유용성을 인식함.
4과09-03,매우잘함,2,자석의 성질을 구체적으로 적용한 장치를 창의적으로 설계함.
4과09-03,잘함,1,자석의 성질을 이용한 장치를 대체로 설계함.
4과09-03,잘함,2,자석의 성질을 대략적으로 활용하여 장치를 설계함.
4과09-03,보통,1,일상생활에서 자석을 이용한 장치를 보고 관련된 부분을 조금씩 말해감.
4과09-03,보통,2,자석을 이용한 장치에 관심을 보임.
4과10-01,매우잘함,1,물이 수증기나 얼음으로 변할 수 있음을 정확히 말하고 그 사례를 우리 주변에서 찾아 설명함.
4과10-01,매우잘함,2,물의 상태 변화 원리를 구체적으로 이해하고 생활 속 사례를 폭넓게 찾아 설명함.
4과10-01,잘함,1,물의 세 가지 상태를 우리 주변에서 찾고 물이 수증기나 얼음으로 변할 수 있음을 대체로 말함.
4과10-01,잘함,2,물의 상태 변화 사례를 대략적으로 찾아 말함.
4과10-01,보통,1,물의 세 가지 상태를 우리 주변에서 조금씩 찾아감.
4과10-01,보통,2,물의 상태 변화에 관심을 보임.
4과10-02,매우잘함,1,"실험을 통해 물이 얼 때와 얼음이 녹을 때, 물이 증발할 때와 끓을 때, 수증기가 응결할 때의 변화를 관찰하여 정확히 설명함."
4과10-02,매우잘함,2,물의 상태 변화 각 단계를 구체적인 실험 결과로 비교하여 설명함.
4과10-02,잘함,1,"실험을 통해 물이 얼 때와 얼음이 녹을 때, 물이 증발할 때와 끓을 때의 변화를 대체로 관찰하여 설명함."
4과10-02,잘함,2,물의 상태가 변하는 과정을 대략적으로 관찰하여 설명함.
4과10-02,보통,1,물이 얼 때와 얼음이 녹을 때의 변화를 조금씩 관찰해감.
4과10-02,보통,2,물의 상태 변화 실험에 관심을 보임.
4과10-03,매우잘함,1,물 부족의 심각성을 공감하고 물의 상태 변화를 이용하여 물을 얻는 장치를 정확히 설계하고 제작함.
4과10-03,매우잘함,2,물의 상태 변화 원리를 구체적으로 적용하여 물을 얻는 장치를 창의적으로 제작함.
4과10-03,잘함,1,물의 중요성을 인식하고 물의 상태 변화를 이용하여 물을 얻는 장치를 대체로 설계함.
4과10-03,잘함,2,물의 상태 변화를 대략적으로 활용하여 물을 얻는 장치를 설계함.
4과10-03,보통,1,물을 얻는 장치를 설계하는 과정에 참여하며 물의 중요성을 조금씩 말해감.
4과10-03,보통,2,물의 상태 변화를 이용한 장치 만들기에 관심을 보임.
4과11-01,매우잘함,1,"흙 언덕에 물을 흘려보낸 후 깎이는 곳과 쌓이는 곳을 관찰하여 흐르는 물의 침식, 운반, 퇴적 작용을 이해하고 강 주변 지형의 특징을 정확히 설명함."
4과11-01,매우잘함,2,물의 작용에 따른 지형 변화 과정을 구체적인 실험으로 분석하여 설명함.
4과11-01,잘함,1,"흙이 깎이는 곳과 쌓이는 곳을 관찰하여 흐르는 물의 침식, 운반, 퇴적 작용을 대체로 설명함."
4과11-01,잘함,2,물의 작용에 따른 지형 변화를 대략적으로 관찰하여 설명함.
4과11-01,보통,1,흙이 깎이는 곳과 쌓이는 곳을 조금씩 찾아감.
4과11-01,보통,2,흐르는 물의 작용에 관심을 보임.
4과11-02,매우잘함,1,화산의 의미와 화산 활동으로 나오는 물질을 정확히 알고 화산 활동을 모형으로 표현하여 설명함.
4과11-02,매우잘함,2,화산 활동의 원리를 구체적으로 이해하고 모형을 통해 논리적으로 설명함.
4과11-02,잘함,1,화산의 의미를 알고 화산 활동 모형에서 나오는 물질을 대체로 찾음.
4과11-02,잘함,2,화산 활동으로 나오는 물질을 대략적으로 파악함.
4과11-02,보통,1,화산 활동 모형 만들기 활동에 조금씩 참여해감.
4과11-02,보통,2,화산의 의미에 관심을 보임.
4과11-03,매우잘함,1,화성암이 화산 활동과 관련되어 있음을 알고 현무암과 화강암을 관찰하여 특징에 따라 정확히 분류함.
4과11-03,매우잘함,2,화성암의 생성 과정을 구체적으로 이해하고 알갱이 크기와 색을 근거로 분류함.
4과11-03,잘함,1,현무암과 화강암을 관찰하고 알갱이의 크기에 따라 대체로 분류함.
4과11-03,잘함,2,현무암과 화강암의 특징을 대략적으로 비교하여 분류함.
4과11-03,보통,1,현무암과 화강암의 색을 조금씩 비교해감.
4과11-03,보통,2,화성암 관찰 활동에 관심을 보임.
4과11-04,매우잘함,1,화산 활동과 지진이 우리 생활에 미치는 영향을 조사하고 안전하게 대처하는 방법을 찾아 정확히 실천함.
4과11-04,매우잘함,2,화산 활동과 지진의 피해 사례를 구체적으로 조사하여 대처 방법을 실천함.
4과11-04,잘함,1,화산 활동과 지진으로부터 안전한 사회에 관심을 가지고 지진 피해를 줄이는 대처 방법을 대체로 실천함.
4과11-04,잘함,2,지진 대처 방법을 대략적으로 찾아 실천함.
4과11-04,보통,1,지진의 피해를 줄이기 위한 대처 방법을 조금씩 말해감.
4과11-04,보통,2,화산 활동과 지진에 관심을 보임.
4과12-01,매우잘함,1,"균류･원생생물･세균을 디지털현미경이나 실체현미경, 사진 자료 등을 활용하여 관찰하고 특징과 사는 곳을 정확히 설명함."
4과12-01,매우잘함,2,균류･원생생물･세균 각각의 특징을 구체적인 관찰 결과로 비교하여 설명함.
4과12-01,잘함,1,균류･원생생물･세균을 관찰하고 그 특징을 대체로 말함.
4과12-01,잘함,2,균류･원생생물･세균의 생김새를 대략적으로 관찰하여 말함.
4과12-01,보통,1,균류･원생생물･세균의 종류를 조금씩 말해감.
4과12-01,보통,2,균류･원생생물･세균 관찰 활동에 관심을 보임.
4과12-02,매우잘함,1,균류･원생생물･세균이 우리 생활에 미치는 긍정적인 영향과 부정적인 영향을 조사하여 정확히 발표함.
4과12-02,매우잘함,2,균류･원생생물･세균의 영향을 구체적인 사례로 조사하여 발표함.
4과12-02,잘함,1,균류･원생생물･세균이 우리 생활에 미치는 영향을 대체로 조사함.
4과12-02,잘함,2,균류･원생생물･세균의 영향을 대략적으로 조사함.
4과12-02,보통,1,균류･원생생물･세균이 우리 생활에 영향을 미친다는 것을 조금씩 말해감.
4과12-02,보통,2,균류･원생생물･세균의 영향에 관심을 보임.
4과12-03,매우잘함,1,우리 생활에 생명과학이 이용되는 사례를 조사하여 소개 자료를 만들어 공유하고 과학의 유용성을 인식함.
4과12-03,매우잘함,2,생명과학 활용 사례를 구체적으로 조사하여 완성도 있는 자료로 공유함.
4과12-03,잘함,1,생명과학이 이용되는 사례를 조사하여 소개 자료를 만들고 생명과학에 대체로 흥미를 가짐.
4과12-03,잘함,2,생명과학 활용 사례를 대략적으로 조사하여 자료를 만듦.
4과12-03,보통,1,생명과학이 이용되는 사례를 조금씩 조사해감.
4과12-03,보통,2,생명과학에 관심을 보임.
4과13-01,매우잘함,1,"달의 모양과 표면, 여러 날 동안 보이는 달의 위상변화를 관찰하여 달의 모양이 주기적으로 바뀌는 것을 정확히 알고 밤하늘 관찰에 흥미를 가짐."
4과13-01,매우잘함,2,달의 위상변화를 구체적인 관찰 기록으로 정리하여 밤하늘 관찰에 폭넓은 흥미를 보임.
4과13-01,잘함,1,여러 날 동안 보이는 달의 모양을 관찰하고 밤하늘 관찰에 대체로 흥미를 가짐.
4과13-01,잘함,2,달의 모양 변화를 대략적으로 관찰하여 밤하늘에 흥미를 가짐.
4과13-01,보통,1,달을 관찰하며 밤하늘 관찰에 조금씩 관심을 가져감.
4과13-01,보통,2,달의 모양에 관심을 보임.
4과13-02,매우잘함,1,태양계 구성원을 알고 태양과 행성의 표면적인 특징을 조사하여 태양계 행성 모형을 정확히 만듦.
4과13-02,매우잘함,2,태양계 행성 각각의 특징을 구체적으로 조사하여 모형으로 표현함.
4과13-02,잘함,1,태양계 구성원을 알고 태양계 행성의 특징을 대체로 말함.
4과13-02,잘함,2,태양계 행성의 특징을 대략적으로 조사함.
4과13-02,보통,1,태양계 구성원을 조금씩 조사해감.
4과13-02,보통,2,태양계에 관심을 보임.
4과13-03,매우잘함,1,별의 정의를 행성과 비교하여 정확히 설명하고 북극성 주변의 별자리를 관찰하여 별자리 이름을 말함.
4과13-03,매우잘함,2,별과 행성의 차이를 구체적으로 설명하고 북극성 주변 별자리를 정확히 찾아냄.
4과13-03,잘함,1,별의 정의를 설명하고 북극성 주변의 별자리 이름을 대체로 말함.
4과13-03,잘함,2,북극성 주변의 별자리를 대략적으로 관찰하여 말함.
4과13-03,보통,1,별이 행성과 다르다는 것을 조금씩 말해감.
4과13-03,보통,2,별자리 관찰에 관심을 보임.
4과14-01,매우잘함,1,생태계의 구성 요소를 조사하여 생물 요소와 비생물 요소로 분류하고 양분을 얻는 방법에 따라 생물 요소를 정확히 분류하여 설명함.
4과14-01,매우잘함,2,생태계 구성 요소를 구체적인 기준으로 분류하고 그 관계를 논리적으로 설명함.
4과14-01,잘함,1,생태계의 구성 요소를 조사하여 생물 요소와 비생물 요소가 있음을 알고 대체로 말함.
4과14-01,잘함,2,생물 요소가 양분을 얻는 방법이 다르다는 것을 대략적으로 말함.
4과14-01,보통,1,생태계의 구성 요소를 조금씩 조사해감.
4과14-01,보통,2,생태계 구성 요소에 관심을 보임.
4과14-02,매우잘함,1,생물 요소들의 먹고 먹히는 관계를 조사하여 먹이 관계 모형의 특징을 이해하고 이를 먹이그물로 정확히 표현함.
4과14-02,매우잘함,2,생물들 간 먹이 관계를 구체적으로 조사하여 복잡한 먹이그물로 표현함.
4과14-02,잘함,1,생물 요소들의 먹고 먹히는 관계를 조사하여 이를 먹이사슬로 대체로 표현함.
4과14-02,잘함,2,생물 요소 간 먹이 관계를 대략적으로 조사하여 표현함.
4과14-02,보통,1,생물 요소의 먹고 먹히는 관계를 예를 들어 조금씩 말해감.
4과14-02,보통,2,생물 간 먹이 관계에 관심을 보임.
4과14-03,매우잘함,1,인간 활동이 생태계에 미치는 영향을 조사하고 생태계 보전을 위해 할 수 있는 일을 토의하여 실천함으로써 생태계 보전의 중요성을 정확히 인식함.
4과14-03,매우잘함,2,생태계 훼손 사례를 구체적으로 조사하고 보전 방안을 논의하여 적극적으로 실천함.
4과14-03,잘함,1,인간 활동이 생태계에 미치는 영향을 조사하고 생태계 보전을 위한 실천 방법을 대체로 탐색함.
4과14-03,잘함,2,생태계 보전을 위한 실천 방법을 대략적으로 찾음.
4과14-03,보통,1,인간 활동이 생태계에 영향을 미친다는 것을 조금씩 말해감.
4과14-03,보통,2,생태계 보전에 관심을 보임.
4과15-01,매우잘함,1,기체가 무게가 있음을 알아보는 실험을 수행하고 실험 결과를 바탕으로 기체가 무게가 있음을 정확히 설명함.
4과15-01,매우잘함,2,기체의 무게를 확인하는 실험 결과를 구체적인 근거로 들어 설명함.
4과15-01,잘함,1,기체가 무게가 있음을 알아보는 실험을 대체로 수행함.
4과15-01,잘함,2,기체의 무게를 확인하는 실험을 대략적으로 수행함.
4과15-01,보통,1,기체가 무게가 있음을 조금씩 말해감.
4과15-01,보통,2,기체의 무게에 관심을 보임.
4과15-02,매우잘함,1,온도나 압력에 따라 기체의 부피가 달라지는 현상을 관찰하고 우리 주변에서 관련된 사례를 찾아 정확히 설명함.
4과15-02,매우잘함,2,온도와 압력에 따른 기체 부피 변화를 구체적인 사례로 폭넓게 설명함.
4과15-02,잘함,1,온도나 압력에 따라 기체의 부피가 달라지는 현상을 관찰하고 대체로 설명함.
4과15-02,잘함,2,기체의 부피 변화 현상을 대략적으로 관찰하여 설명함.
4과15-02,보통,1,온도나 압력에 따라 기체의 부피가 달라짐을 조금씩 말해감.
4과15-02,보통,2,기체의 부피 변화에 관심을 보임.
4과15-03,매우잘함,1,일상생활에서 이용하는 기체의 종류와 성질을 조사하여 정확히 설명하고 여러 가지 기체에 흥미를 가짐.
4과15-03,매우잘함,2,다양한 기체의 성질을 구체적인 사례로 조사하여 폭넓은 흥미를 보임.
4과15-03,잘함,1,일상생활에서 이용하는 기체의 종류를 조사하고 여러 가지 기체에 대체로 흥미를 가짐.
4과15-03,잘함,2,기체의 종류를 대략적으로 조사하여 흥미를 가짐.
4과15-03,보통,1,일상생활에서 여러 가지 기체가 이용되고 있음을 조금씩 말해감.
4과15-03,보통,2,기체의 종류에 관심을 보임.
4과15-04,매우잘함,1,기체의 성질을 이해하고 이를 이용하여 작동시킬 수 있는 장치를 정확히 설계하고 제작함.
4과15-04,매우잘함,2,기체의 성질을 구체적으로 적용한 장치를 창의적으로 설계하고 만듦.
4과15-04,잘함,1,기체의 성질을 이해하고 이를 이용하여 작동시킬 수 있는 장치를 대체로 설계함.
4과15-04,잘함,2,기체의 성질을 대략적으로 활용하여 장치를 설계함.
4과15-04,보통,1,기체의 성질을 이용한 장치를 통해 기체의 성질을 조금씩 말해감.
4과15-04,보통,2,기체의 성질을 이용한 장치 만들기에 관심을 보임.
4과16-01,매우잘함,1,다양한 기후변화 현상의 예를 알고 기후변화에 영향을 주는 인간의 활동을 찾아 증거에 기반하여 정확히 토의함.
4과16-01,매우잘함,2,기후변화 현상의 원인을 구체적인 증거로 분석하여 논리적으로 토의함.
4과16-01,잘함,1,기후변화 현상의 예를 알고 기후변화와 인간의 활동 사이의 관계를 대체로 조사함.
4과16-01,잘함,2,기후변화와 인간 활동의 관계를 대략적으로 조사함.
4과16-01,보통,1,기후변화에 따른 현상을 조금씩 찾아감.
4과16-01,보통,2,기후변화 현상에 관심을 보임.
4과16-02,매우잘함,1,기후변화의 심각성에 관심을 가지고 해수면 상승으로 인한 피해 모형실험을 통해 기후변화가 우리 생활과 환경에 미치는 영향을 정확히 설명함.
4과16-02,매우잘함,2,기후변화로 인한 피해 사례를 구체적인 모형실험으로 폭넓게 설명함.
4과16-02,잘함,1,기후변화에 관심을 가지고 기후변화가 우리 생활과 환경에 미치는 영향을 해수면 상승과 관련지어 대체로 말함.
4과16-02,잘함,2,기후변화가 생활과 환경에 미치는 영향을 대략적으로 말함.
4과16-02,보통,1,해수면 상승이 기후변화와 관련이 있다는 것을 조금씩 말해감.
4과16-02,보통,2,기후변화가 환경에 미치는 영향에 관심을 보임.
4과16-03,매우잘함,1,지속가능한 사회에 관심을 가지고 기후변화 대응 방법을 조사하여 생활 속에서 정확히 실천함.
4과16-03,매우잘함,2,기후변화 대응 방법을 구체적으로 조사하여 생활 속에서 꾸준히 실천함.
4과16-03,잘함,1,지속가능한 사회에 관심을 가지고 생활 속에서 실천할 수 있는 기후변화 대응 방법을 대체로 조사함.
4과16-03,잘함,2,기후변화 대응 방법을 대략적으로 조사함.
4과16-03,보통,1,생활 속에서 실천할 수 있는 기후변화 대응 방법을 조금씩 조사해감.
4과16-03,보통,2,기후변화 대응에 관심을 보임.
4국01-01,매우잘함,1,중요한 내용과 주제를 정확하게 파악하며 듣고 이를 자신의 언어로 구체적으로 요약함.
4국01-01,매우잘함,2,들은 내용에서 중심 내용과 세부 내용을 정확히 구분하여 핵심을 폭넓게 요약함.
4국01-01,잘함,1,중요한 내용과 주제를 대체로 파악하며 듣고 그 내용을 요약함.
4국01-01,잘함,2,들은 내용의 중심 내용과 세부 내용을 대략적으로 구분하여 요약함.
4국01-01,보통,1,중요한 내용과 주제를 조금씩 파악하며 듣고 요약해감.
4국01-01,보통,2,들은 내용 중 일부를 파악하여 요약하려고 노력함.
4국01-02,매우잘함,1,원인과 결과의 관계를 정확하게 고려하여 이어질 내용을 구체적으로 예측하며 듣고 말함.
4국01-02,매우잘함,2,원인과 결과가 분명히 드러나도록 내용을 예측하고 폭넓게 표현하여 말함.
4국01-02,잘함,1,원인과 결과의 관계를 대체로 고려하여 내용을 예측하며 듣고 말함.
4국01-02,잘함,2,원인과 결과가 드러나게 이어질 내용을 대략적으로 예측하여 말함.
4국01-02,보통,1,원인과 결과의 관계를 조금씩 고려하며 내용을 예측해감.
4국01-02,보통,2,원인이나 결과 중 일부를 파악하여 말하려고 노력함.
4국01-03,매우잘함,1,상황에 적절한 준언어･비언어적 표현을 정확하게 활용하여 의미를 구체적으로 전달하고 이해함.
4국01-03,매우잘함,2,담화 상황에 맞는 준언어･비언어적 표현을 폭넓게 활용하여 효과적으로 듣고 말함.
4국01-03,잘함,1,상황에 적절한 준언어･비언어적 표현을 대체로 활용하여 듣고 말함.
4국01-03,잘함,2,담화 상황에 맞는 준언어･비언어적 표현을 대략적으로 활용하여 의미를 전달함.
4국01-03,보통,1,상황에 맞는 준언어･비언어적 표현을 조금씩 활용해감.
4국01-03,보통,2,준언어･비언어적 표현 일부를 활용하여 듣고 말하려고 노력함.
4국01-04,매우잘함,1,상황과 상대의 입장을 정확히 이해하고 상대를 배려하는 표현을 적극적으로 활용하여 예의를 지키며 대화함.
4국01-04,매우잘함,2,대화 상황과 상대 입장을 구체적으로 파악하여 예의 바른 태도로 폭넓게 소통함.
4국01-04,잘함,1,상황과 상대의 입장을 대체로 이해하고 예의를 지키며 대화함.
4국01-04,잘함,2,상대를 배려하는 표현을 대략적으로 사용하여 예의 있게 대화함.
4국01-04,보통,1,상황과 상대의 입장을 조금씩 이해하며 대화해감.
4국01-04,보통,2,일부 상황에서 예의를 지키며 대화하려고 노력함.
4국01-05,매우잘함,1,발표 목적과 주제에 알맞은 내용을 정확하게 선별하여 자료를 정리하고 자신감 있게 발표함.
4국01-05,매우잘함,2,발표 전 점검한 내용을 바탕으로 자료를 구체적으로 정리하여 폭넓게 발표함.
4국01-05,잘함,1,발표 목적과 주제에 알맞게 자료를 대체로 정리하여 자신감 있게 발표함.
4국01-05,잘함,2,발표 내용을 대략적으로 정리하여 자신감을 갖고 발표함.
4국01-05,보통,1,발표 목적과 주제를 조금씩 고려하여 자료를 정리해감.
4국01-05,보통,2,발표 내용을 일부 나열하는 수준에서 발표하려고 노력함.
4국01-06,매우잘함,1,주제에 적절한 의견과 타당한 이유를 분명하게 제시하고 서로의 생각을 적극적으로 교환하며 토의함.
4국01-06,매우잘함,2,다른 사람을 존중하는 태도로 의견을 구체적으로 제시하며 폭넓게 토의에 참여함.
4국01-06,잘함,1,주제에 적절한 의견과 이유를 대체로 제시하며 서로의 생각을 교환하며 토의함.
4국01-06,잘함,2,다른 사람을 존중하는 태도로 의견을 대략적으로 교환하며 토의함.
4국01-06,보통,1,주제에 대한 의견과 이유를 조금씩 제시해감.
4국01-06,보통,2,서로의 생각을 일부 묻고 답하며 토의에 참여하려고 노력함.
4국02-01,매우잘함,1,글의 의미를 정확하게 파악하고 효과적으로 표현하는 방법을 사용하여 유창하게 소리 내어 읽음.
4국02-01,매우잘함,2,글의 내용을 구체적으로 이해하며 폭넓은 표현력으로 유창하게 낭독함.
4국02-01,잘함,1,글의 의미를 대체로 파악하며 유창하게 글을 읽음.
4국02-01,잘함,2,글의 내용을 대략적으로 이해하며 매끄럽게 읽음.
4국02-01,보통,1,글의 의미를 조금씩 파악하며 읽어감.
4국02-01,보통,2,글을 소리 내어 읽으려고 노력함.
4국02-02,매우잘함,1,문단별 중요 단어와 중심 문장을 정확하게 파악하여 글의 중심 생각을 자신의 말로 구체적으로 간추림.
4국02-02,매우잘함,2,문단별 중심 내용을 통합하여 글 전체의 중심 생각을 폭넓게 정리함.
4국02-02,잘함,1,문단과 글에서 중심 생각을 대체로 파악하고 내용을 간추림.
4국02-02,잘함,2,문단별 중심 내용을 대략적으로 통합하여 간추림.
4국02-02,보통,1,문단의 중심 내용을 조금씩 파악하며 간추려감.
4국02-02,보통,2,글의 중심 생각을 일부 파악하여 간추리려고 노력함.
4국02-03,매우잘함,1,질문을 활용하여 글의 의미나 내용을 정확하게 예측하며 읽고 이해 수준과 어려움을 적극적으로 점검함.
4국02-03,매우잘함,2,읽기 과정에서 겪는 어려움을 구체적으로 파악하여 폭넓게 점검하며 읽음.
4국02-03,잘함,1,질문을 활용하여 글의 내용을 대체로 예측하며 읽고 자신의 읽기 과정을 점검함.
4국02-03,잘함,2,읽기 과정에서 겪는 어려움을 대략적으로 점검하며 읽음.
4국02-03,보통,1,질문을 활용하여 글을 조금씩 예측하며 읽어감.
4국02-03,보통,2,읽기 과정에서 겪는 어려움을 일부 점검하려고 노력함.
4국02-04,매우잘함,1,글에 나타난 사실과 의견을 정확하게 구분하고 의견의 타당성을 평가하여 필자와 자신의 의견을 적극적으로 비교함.
4국02-04,매우잘함,2,필자의 의견을 구체적으로 분석하여 자신의 의견과 폭넓게 견주어 봄.
4국02-04,잘함,1,글에 나타난 사실과 의견을 대체로 구분하고 필자와 자신의 의견을 비교함.
4국02-04,잘함,2,필자의 의견을 대략적으로 파악하여 자신의 의견과 비교함.
4국02-04,보통,1,글에 나타난 사실과 의견을 조금씩 구분해감.
4국02-04,보통,2,필자와 자신의 의견을 일부 비교하려고 노력함.
4국02-05,매우잘함,1,글이나 자료를 찾아 읽을 때 출처를 정확하게 확인하고 평가 기준에 따라 신뢰도를 능동적으로 판단함.
4국02-05,매우잘함,2,자료의 출처를 구체적으로 검증하여 신뢰성을 폭넓게 평가함.
4국02-05,잘함,1,글이나 자료의 출처를 대체로 확인하고 믿을 만한지 판단함.
4국02-05,잘함,2,평가 기준에 따라 출처의 신뢰도를 대략적으로 판단함.
4국02-05,보통,1,글이나 자료의 출처를 조금씩 확인해감.
4국02-05,보통,2,출처가 믿을 만한지 일부 판단하려고 노력함.
4국02-06,매우잘함,1,다양한 읽기 활동에 적극적으로 참여하면서 바람직한 읽기 습관을 형성하고 자신감을 구체적으로 갖춤.
4국02-06,매우잘함,2,폭넓은 읽기 경험을 통해 읽기 습관과 자신감을 확고히 기름.
4국02-06,잘함,1,읽기 경험을 통해 바람직한 읽기 습관을 대체로 형성하고 자신감을 기름.
4국02-06,잘함,2,다양한 읽기 활동에 참여하며 자신감을 대략적으로 키워감.
4국02-06,보통,1,바람직한 읽기 습관을 조금씩 형성해감.
4국02-06,보통,2,읽기에 대한 자신감을 기르려고 노력함.
4국03-01,매우잘함,1,중심 문장과 뒷받침 문장을 갖추어 문단을 짜임새 있게 쓰고 글의 내용과 표현을 효과적으로 고쳐 씀.
4국03-01,매우잘함,2,문장과 문단 단위에서 글의 내용과 표현을 구체적으로 점검하여 폭넓게 고쳐 씀.
4국03-01,잘함,1,중심 문장과 뒷받침 문장을 갖추어 문단을 대체로 쓰고 고쳐 씀.
4국03-01,잘함,2,문장과 문단을 중심으로 글의 내용이나 표현을 대략적으로 고쳐 씀.
4국03-01,보통,1,중심 문장이 있는 문단을 조금씩 써감.
4국03-01,보통,2,문장을 중심으로 글의 내용이나 표현 일부를 고쳐 쓰려고 노력함.
4국03-02,매우잘함,1,절차와 결과가 드러나게 글의 내용을 짜임새 있게 조직하고 사실에 기반하여 정확하게 보고하는 글을 씀.
4국03-02,매우잘함,2,사실에 기반한 내용을 간결하고 정확한 표현으로 구체적으로 서술하여 보고함.
4국03-02,잘함,1,절차와 결과가 드러나게 글의 내용을 대체로 조직하여 보고하는 글을 씀.
4국03-02,잘함,2,사실에 기반한 내용을 대략적으로 정확한 표현으로 보고함.
4국03-02,보통,1,절차와 결과가 조금씩 드러나게 글을 써감.
4국03-02,보통,2,일부 정확한 표현을 사용하여 보고하는 글을 쓰려고 노력함.
4국03-03,매우잘함,1,대상에 대해 자신의 의견을 제시하고 이를 뒷받침하는 이유가 명료하게 드러나도록 구체적으로 글을 씀.
4국03-03,매우잘함,2,의견과 근거를 논리적으로 연결하여 폭넓게 글을 씀.
4국03-03,잘함,1,대상에 대한 자신의 의견과 이유가 대체로 드러나게 글을 씀.
4국03-03,잘함,2,의견을 뒷받침하는 이유를 대략적으로 들어 글을 씀.
4국03-03,보통,1,대상에 대한 자신의 의견을 조금씩 제시해감.
4국03-03,보통,2,의견에 대한 이유를 일부 드러내며 글을 쓰려고 노력함.
4국03-04,매우잘함,1,목적과 주제와 같은 상황 맥락을 전체적으로 고려하여 독자에게 마음을 구체적으로 전하는 글을 씀.
4국03-04,매우잘함,2,독자의 입장을 폭넓게 헤아려 상황에 맞는 마음을 정확하게 전함.
4국03-04,잘함,1,목적과 주제를 대체로 고려하여 독자에게 마음을 전하는 글을 씀.
4국03-04,잘함,2,상황 맥락을 대략적으로 고려하여 마음을 전하는 글을 씀.
4국03-04,보통,1,목적 또는 주제를 조금씩 고려하며 글을 써감.
4국03-04,보통,2,독자에게 마음을 전하는 글을 쓰려고 노력함.
4국03-05,매우잘함,1,자신의 쓰기 과정을 능동적으로 점검하여 글의 내용과 표현을 구체적으로 수정·보완하고 자신감을 폭넓게 갖춤.
4국03-05,매우잘함,2,다양한 유형의 글을 쓰면서 쓰기 과정을 스스로 정확하게 점검함.
4국03-05,잘함,1,자신의 쓰기 과정을 대체로 점검하여 글의 내용이나 표현을 수정·보완함.
4국03-05,잘함,2,다양한 유형의 글을 쓰면서 자신감을 대략적으로 키워감.
4국03-05,보통,1,자신의 쓰기 과정을 조금씩 점검해감.
4국03-05,보통,2,일부 유형의 글을 쓰며 자신감을 가지려고 노력함.
4국04-01,매우잘함,1,다양한 단어 간의 의미 관계를 종합적으로 분석하여 정확하게 파악함.
4국04-01,매우잘함,2,여러 유형의 단어 관계를 폭넓게 비교하며 구체적으로 이해함.
4국04-01,잘함,1,단어와 단어 간의 의미 관계를 대체로 이해함.
4국04-01,잘함,2,단어 간 의미 관계를 대략적으로 파악함.
4국04-01,보통,1,단어 간의 의미 관계를 조금씩 이해해감.
4국04-01,보통,2,단어 간의 의미 관계를 제한적으로 파악하려고 노력함.
4국04-02,매우잘함,1,단어를 다양한 기준에 따라 정확하게 분류하고 국어사전의 정보를 종합적으로 활용하여 능동적으로 국어 활동을 함.
4국04-02,매우잘함,2,국어사전 정보를 폭넓게 활용하여 구체적인 국어 활동을 전개함.
4국04-02,잘함,1,단어를 분류하고 국어사전의 정보를 대체로 활용하여 국어 활동을 함.
4국04-02,잘함,2,국어사전의 정보를 대략적으로 활용하여 국어 활동을 함.
4국04-02,보통,1,단어의 분류 기준을 조금씩 확인해감.
4국04-02,보통,2,국어사전의 정보를 일부 활용하여 국어 활동을 하려고 노력함.
4국04-03,매우잘함,1,다양한 문장에서 기본적인 문장의 짜임을 정확하게 분석하고 여러 짜임의 문장을 적절하게 사용함.
4국04-03,매우잘함,2,문장의 짜임을 폭넓게 파악하여 구체적인 상황에 맞게 활용함.
4국04-03,잘함,1,기본적인 문장의 짜임을 대체로 이해하고 사용함.
4국04-03,잘함,2,여러 가지 짜임의 문장을 대략적으로 이해하여 사용함.
4국04-03,보통,1,기본적인 문장의 짜임을 조금씩 이해해감.
4국04-03,보통,2,문장의 짜임을 제한적으로 이해하고 사용하려고 노력함.
4국04-04,매우잘함,1,글과 담화에 쓰인 다양한 높임 표현과 지시·접속 표현을 정확하게 분석하고 상황에 맞게 효과적으로 활용함.
4국04-04,매우잘함,2,높임 표현과 지시·접속 표현을 폭넓게 이해하여 구체적인 상황에 적용함.
4국04-04,잘함,1,글과 담화에 쓰인 높임 표현과 지시·접속 표현을 대체로 이해하고 상황에 맞게 표현함.
4국04-04,잘함,2,높임 표현과 지시·접속 표현을 대략적으로 이해하여 활용함.
4국04-04,보통,1,높임 표현과 지시·접속 표현을 조금씩 확인해감.
4국04-04,보통,2,표현 일부를 상황에 맞게 나타내려고 노력함.
4국04-05,매우잘함,1,언어가 의사소통과 관계 형성의 수단임을 종합적으로 이해하고 국어를 소중히 여기는 태도를 내면화함.
4국04-05,매우잘함,2,국어의 가치를 폭넓게 인식하여 소중히 여기는 태도가 구체적으로 드러남.
4국04-05,잘함,1,언어가 의사소통과 관계 형성의 수단임을 이해하고 국어의 소중함을 대체로 인식함.
4국04-05,잘함,2,국어의 소중함을 인식하는 태도를 대략적으로 지님.
4국04-05,보통,1,국어의 소중함에 조금씩 관심을 가져감.
4국04-05,보통,2,언어의 역할을 확인하며 국어를 소중히 여기려고 노력함.
4국05-01,매우잘함,1,인물과 이야기의 흐름을 정확하게 파악하며 작품을 능동적으로 감상함.
4국05-01,매우잘함,2,이야기 전개를 구체적으로 이해하여 폭넓은 시각으로 작품을 감상함.
4국05-01,잘함,1,인물과 이야기의 흐름을 대체로 파악하며 작품을 감상함.
4국05-01,잘함,2,이야기 전개를 대략적으로 이해하며 작품을 감상함.
4국05-01,보통,1,인물과 이야기의 흐름에 조금씩 관심을 가져감.
4국05-01,보통,2,작품을 감상하려고 노력함.
4국05-02,매우잘함,1,자신의 경험을 바탕으로 작품 속 세계와 현실 세계의 공통점이나 차이점을 구체적으로 비교하며 적극적으로 감상함.
4국05-02,매우잘함,2,작품에 대한 의견을 폭넓게 나누며 현실과의 관계를 정확하게 견주어 봄.
4국05-02,잘함,1,자신의 경험을 바탕으로 작품 속 세계와 현실 세계를 대체로 비교하며 작품을 감상함.
4국05-02,잘함,2,작품 속 세계와 현실 세계의 공통점이나 차이점을 대략적으로 비교함.
4국05-02,보통,1,작품 속 세계와 현실 세계를 조금씩 비교해감.
4국05-02,보통,2,자신의 경험을 일부 떠올리며 작품을 감상하려고 노력함.
4국05-03,매우잘함,1,작품을 듣거나 읽고 마음에 든 이유를 구체적으로 말하며 작품을 자세하게 소개함.
4국05-03,매우잘함,2,작품의 인상 깊은 부분을 폭넓게 짚어 내어 생생하게 소개함.
4국05-03,잘함,1,작품을 듣거나 읽고 마음에 든 이유를 대체로 말하며 소개함.
4국05-03,잘함,2,마음에 드는 작품을 대략적으로 소개함.
4국05-03,보통,1,작품에서 마음에 드는 부분을 조금씩 찾아감.
4국05-03,보통,2,작품의 일부를 말하며 소개하려고 노력함.
4국05-04,매우잘함,1,감각적 표현의 특성과 효과를 정확하게 파악하며 작품을 감상하고 자신의 생각이나 감정을 적극적으로 표현함.
4국05-04,매우잘함,2,감각적 표현을 폭넓게 활용하여 자신의 느낌을 구체적으로 나타냄.
4국05-04,잘함,1,감각적 표현의 특성을 대체로 파악하며 작품을 감상하고 생각이나 감정을 표현함.
4국05-04,잘함,2,감각적 표현을 대략적으로 활용하여 자신의 생각을 나타냄.
4국05-04,보통,1,감각적 표현에 조금씩 유의하며 작품을 감상해감.
4국05-04,보통,2,감각적 표현을 활용하여 생각이나 감정을 간단하게 표현하려고 노력함.
4국05-05,매우잘함,1,재미나 감동을 느끼며 작품을 적극적으로 찾아 읽고 즐겨 감상하는 태도가 폭넓게 드러남.
4국05-05,매우잘함,2,다양한 작품을 스스로 찾아 감상하며 즐거움을 구체적으로 느낌.
4국05-05,잘함,1,재미나 감동을 느끼며 작품을 읽고 즐기는 태도를 대체로 지님.
4국05-05,잘함,2,작품을 읽으며 재미나 감동을 대략적으로 느낌.
4국05-05,보통,1,주어진 작품을 읽으며 재미나 감동을 조금씩 느껴감.
4국05-05,보통,2,작품을 감상하는 태도를 지니려고 노력함.
4국06-01,매우잘함,1,학습 상황에 필요한 다양한 자료를 인터넷에서 효과적으로 탐색하고 목적에 적합한 자료를 정확하게 선택함.
4국06-01,매우잘함,2,자료 탐색 과정을 폭넓게 활용하여 목적에 맞는 자료를 구체적으로 선별함.
4국06-01,잘함,1,학습 상황에 필요한 자료를 인터넷에서 대체로 탐색하고 목적에 맞게 선택함.
4국06-01,잘함,2,다양한 자료를 대략적으로 탐색하여 목적에 맞는 자료를 고름.
4국06-01,보통,1,학습에 필요한 자료를 인터넷에서 조금씩 탐색해감.
4국06-01,보통,2,자료를 탐색하려고 노력함.
4국06-02,매우잘함,1,다양한 매체를 활용하여 간단한 발표 자료를 짜임새 있게 구체적으로 만듦.
4국06-02,매우잘함,2,매체의 특성을 폭넓게 살려 발표 자료를 효과적으로 구성함.
4국06-02,잘함,1,매체를 활용하여 간단한 발표 자료를 대체로 만듦.
4국06-02,잘함,2,매체를 대략적으로 활용하여 발표 자료를 만듦.
4국06-02,보통,1,매체를 활용하여 발표 자료를 조금씩 만들어감.
4국06-02,보통,2,발표 자료의 일부를 만들려고 노력함.
4국06-03,매우잘함,1,매체 소통 윤리를 정확하게 이해하고 이를 지키며 매체 자료를 적극적으로 활용하고 공유함.
4국06-03,매우잘함,2,매체 자료 활용 과정에서 소통 윤리를 폭넓게 실천하며 구체적으로 공유함.
4국06-03,잘함,1,기본적인 매체 소통 윤리를 대체로 이해하면서 매체 자료를 활용하고 공유함.
4국06-03,잘함,2,매체 소통 윤리를 대략적으로 지키며 자료를 공유함.
4국06-03,보통,1,매체 소통 윤리를 조금씩 이해해감.
4국06-03,보통,2,매체 자료 일부를 활용하거나 공유하려고 노력함.
4도01-01,매우잘함,1,자신의 감정을 소중히 여기며 존중하는 태도를 바탕으로 내가 누구인지 다양한 관점에서 구체적으로 탐구함.
4도01-01,매우잘함,2,자신의 감정을 폭넓게 존중하고 이를 바탕으로 자신의 정체성을 정확하게 탐구함.
4도01-01,잘함,1,자신의 감정을 존중하는 태도를 바탕으로 내가 누구인지 대체로 탐구함.
4도01-01,잘함,2,자신의 감정을 존중하려는 태도를 가지고 자신의 정체성을 대략적으로 탐구함.
4도01-01,보통,1,자신의 감정을 존중하는 태도를 조금씩 길러가며 내가 누구인지 탐구해감.
4도01-01,보통,2,자신의 감정에 관심을 가지고 존중하려 노력하며 정체성 탐구를 시도함.
4도01-02,매우잘함,1,정직의 의미를 정확히 이해하고 다양한 모범 사례를 폭넓게 탐색하여 바르게 행동하려는 태도를 갖춤.
4도01-02,매우잘함,2,정직의 의미를 구체적으로 파악하고 모범 사례를 폭넓게 탐색하여 실생활에서 바른 행동을 실천함.
4도01-02,잘함,1,정직의 의미를 대체로 이해하고 모범적인 사례를 탐색하여 바르게 행동하려는 태도를 기름.
4도01-02,잘함,2,정직의 의미를 대략적으로 파악하고 모범 사례를 찾아 바르게 행동하려 함.
4도01-02,보통,1,정직의 의미에 관심을 가지고 조금씩 이해해가며 바르게 행동하려고 노력함.
4도01-02,보통,2,정직의 의미를 이해하는 데 도움이 필요하며 바른 행동을 위해 노력하는 모습을 보임.
4도01-03,매우잘함,1,성실한 생활의 모범 사례를 폭넓게 탐색하고 시간 관리를 위한 생활 계획을 구체적으로 세워 지속적인 자기 성장을 모색함.
4도01-03,매우잘함,2,성실함의 다양한 모범 사례를 정확히 탐색하고 체계적인 시간 관리 계획을 세워 자기 성장을 꾸준히 추구함.
4도01-03,잘함,1,성실한 생활의 모범 사례를 탐색하고 시간 관리를 위한 생활 계획을 대체로 세워 자기 성장을 모색함.
4도01-03,잘함,2,성실한 생활 사례를 대략적으로 탐색하고 시간 관리 계획을 세워 성장을 도모함.
4도01-03,보통,1,성실한 생활 사례에 관심을 가지고 시간 관리 계획을 조금씩 세워감.
4도01-03,보통,2,성실한 생활 태도를 기르려 노력하며 시간 관리 계획 세우기를 시도함.
4도01-04,매우잘함,1,다른 사람의 관점을 수용할 수 있는지를 도덕적으로 정확하게 검토하고 도덕규범을 폭넓게 내면화하여 도덕적으로 행동하는 자세를 갖춤.
4도01-04,매우잘함,2,타인의 관점 수용 가능성을 구체적으로 검토하고 도덕규범을 내면화하여 일관되게 도덕적으로 행동함.
4도01-04,잘함,1,다른 사람의 관점을 수용할 수 있는지를 도덕적으로 검토하고 도덕규범을 대체로 내면화하여 도덕적으로 행동하려는 자세를 기름.
4도01-04,잘함,2,타인의 관점을 대략적으로 검토하고 도덕규범을 내면화하려 노력하며 도덕적으로 행동함.
4도01-04,보통,1,다른 사람의 관점을 검토하는 데 조금씩 관심을 가지며 도덕적으로 행동하려 노력함.
4도01-04,보통,2,도덕규범을 내면화해가는 과정에 있으며 도덕적으로 행동하려는 노력을 보임.
4도02-01,매우잘함,1,"효, 우애의 의미와 필요성을 명료하고 정확하게 이해하고 가족의 행복을 위해 할 수 있는 일을 폭넓게 탐색하여 구체적인 실천 계획을 세움."
4도02-01,매우잘함,2,효와 우애의 가치를 구체적으로 이해하고 가족의 행복을 위한 다양한 실천 방안을 탐색하여 계획을 세움.
4도02-01,잘함,1,"효, 우애의 의미와 필요성을 대체로 이해하고 가족의 행복을 위해 할 수 있는 일을 탐색하여 실천 계획을 세움."
4도02-01,잘함,2,효와 우애의 의미를 대략적으로 이해하고 가족을 위한 실천 방안을 탐색함.
4도02-01,보통,1,"효, 우애의 의미에 관심을 가지고 조금씩 이해해가며 가족을 위한 실천 계획 세우기를 시도함."
4도02-01,보통,2,가족의 행복을 위해 할 수 있는 일을 찾으려 노력하는 모습을 보임.
4도02-02,매우잘함,1,친구 사이의 배려에 대해 정확하게 이해하고 이를 바탕으로 일상생활에서 배려에 기반한 도덕적 관계를 맺는 방안을 다각도로 탐색함.
4도02-02,매우잘함,2,친구 간 배려의 의미를 폭넓게 이해하고 도덕적 관계 형성을 위한 구체적인 방안을 탐색함.
4도02-02,잘함,1,친구 사이의 배려에 대한 이해를 바탕으로 일상생활에서 도덕적 관계를 맺을 수 있는 방안을 대체로 탐색함.
4도02-02,잘함,2,친구 간 배려의 의미를 대략적으로 이해하고 관계 형성 방안을 탐색함.
4도02-02,보통,1,친구 사이의 배려에 관심을 가지고 도덕적 관계 맺는 방안을 조금씩 탐색해감.
4도02-02,보통,2,친구를 배려하는 방법을 찾아보려 노력하는 모습을 보임.
4도02-03,매우잘함,1,공감의 태도가 필요한 이유를 폭넓게 이해하고 도덕적 상상력을 바탕으로 대상과 상황에 따라 감정을 나누는 방법을 다각도로 탐구하여 생활 속에서 실천함.
4도02-03,매우잘함,2,공감이 필요한 이유를 정확히 이해하고 상황에 맞게 감정을 나누는 다양한 방법을 탐구하여 적극적으로 실천함.
4도02-03,잘함,1,공감의 태도가 필요한 이유를 이해하고 도덕적 상상력을 바탕으로 감정을 나누는 방법을 탐구하여 대체로 실천함.
4도02-03,잘함,2,공감의 필요성을 대략적으로 이해하고 상황에 따라 감정을 나누는 방법을 탐구함.
4도02-03,보통,1,공감의 태도에 관심을 가지고 감정을 나누는 방법을 조금씩 탐구해감.
4도02-03,보통,2,타인과 감정을 나누려는 노력을 조금씩 보임.
4도03-01,매우잘함,1,불공정의 사례를 다각도로 탐구하고 일상생활에서 공정의 가치를 추구하는 활동을 통해 적극적인 실천 의지를 갖춤.
4도03-01,매우잘함,2,다양한 불공정 사례를 구체적으로 탐구하고 공정한 가치를 추구하는 활동에 적극적으로 참여하여 실천 의지를 함양함.
4도03-01,잘함,1,불공정의 사례를 탐구하고 일상생활에서 공정의 가치를 추구하는 활동을 통해 실천 의지를 기름.
4도03-01,잘함,2,불공정 사례를 대략적으로 탐구하고 공정한 가치를 추구하려는 의지를 보임.
4도03-01,보통,1,불공정의 사례에 관심을 가지고 공정의 가치를 추구하는 활동에 조금씩 참여함.
4도03-01,보통,2,공정의 가치를 추구하려는 노력을 조금씩 보임.
4도03-02,매우잘함,1,디지털 사회에서 발생하는 다양한 문제를 폭넓게 살펴보고 해결 방안을 다각도로 탐구하여 정보통신 윤리에 대한 민감성을 갖춤.
4도03-02,매우잘함,2,디지털 사회의 문제를 구체적으로 분석하고 다양한 해결 방안을 탐구하여 정보통신 윤리 의식을 확립함.
4도03-02,잘함,1,디지털 사회에서 발생하는 문제를 살펴보고 해결 방안을 탐구하여 정보통신 윤리에 대한 민감성을 기름.
4도03-02,잘함,2,디지털 사회의 문제를 대략적으로 살펴보고 해결 방안을 탐구함.
4도03-02,보통,1,디지털 사회의 문제에 관심을 가지고 해결 방안을 조금씩 탐구해감.
4도03-02,보통,2,정보통신 윤리 의식을 기르고자 노력하는 모습을 보임.
4도03-03,매우잘함,1,통일의 필요성을 전반적으로 이해하고 통일 감수성을 길러 바람직한 통일의 방향을 다각도로 모색함.
4도03-03,매우잘함,2,통일의 필요성을 구체적으로 이해하고 통일 감수성을 폭넓게 함양하여 바람직한 통일 방향을 제시함.
4도03-03,잘함,1,통일의 필요성을 이해하고 통일 감수성을 길러 바람직한 통일의 방향을 모색함.
4도03-03,잘함,2,통일의 필요성을 대략적으로 이해하고 통일 감수성을 기르려 노력함.
4도03-03,보통,1,통일의 필요성에 관심을 가지고 통일 감수성을 조금씩 길러감.
4도03-03,보통,2,통일 문제에 관심을 가지려 노력하는 모습을 보임.
4도04-01,매우잘함,1,다양한 생명 경시 사례를 조사하고 문제 해결 방법을 다각도로 탐구함으로써 생명의 소중함을 폭넓게 이해함.
4도04-01,매우잘함,2,생명 경시 사례를 구체적으로 조사하고 해결 방법을 폭넓게 탐구하여 생명 존중의 가치를 정확히 이해함.
4도04-01,잘함,1,생명 경시 사례를 조사하고 문제 해결 방법을 탐구함으로써 생명의 소중함을 이해함.
4도04-01,잘함,2,생명 경시 사례를 대략적으로 조사하고 해결 방법을 탐구함.
4도04-01,보통,1,생명 경시 사례에 관심을 가지고 생명의 소중함을 조금씩 이해해감.
4도04-01,보통,2,생명 존중에 대한 이해를 넓히려 노력하는 모습을 보임.
4도04-02,매우잘함,1,인간과 자연이 함께 살아야 하는 이유를 폭넓게 이해하고 공생을 위한 구체적인 실천 계획을 다양하게 수립하며 생태 감수성을 갖춤.
4도04-02,매우잘함,2,인간과 자연의 공생 이유를 정확히 이해하고 실천 계획을 구체적으로 세워 생태 감수성을 폭넓게 함양함.
4도04-02,잘함,1,인간과 자연이 함께 살아야 하는 이유를 이해하고 공생을 위한 실천 계획을 세우며 생태 감수성을 기름.
4도04-02,잘함,2,인간과 자연의 공생 이유를 대략적으로 이해하고 실천 계획을 세움.
4도04-02,보통,1,인간과 자연의 공생에 관심을 가지고 실천 계획을 조금씩 세워감.
4도04-02,보통,2,생태 감수성을 기르고자 노력하는 모습을 보임.
4미01-01,매우잘함,1,자연물과 인공물을 탐색하는 데 필요한 다양한 감각을 정확히 이해하고 적극적으로 활용함.
4미01-01,매우잘함,2,자연물과 인공물을 탐색할 때 여러 감각을 폭넓게 동원하여 능숙하게 활용함.
4미01-01,잘함,1,자연물과 인공물을 탐색하는 데 다양한 감각을 대체로 잘 활용함.
4미01-01,잘함,2,자연물과 인공물을 탐색하며 여러 감각을 대략적으로 파악하여 활용함.
4미01-01,보통,1,자연물과 인공물을 탐색하는 데 필요한 감각을 조금씩 활용해감.
4미01-01,보통,2,자연물과 인공물을 탐색하는 데 다양한 감각을 활용하려고 노력함.
4미01-02,매우잘함,1,주변 대상을 체험하며 떠오른 느낌과 생각을 구체적으로 표현함.
4미01-02,매우잘함,2,주변 대상 체험에서 얻은 느낌과 생각을 폭넓은 방법으로 창의적으로 나타냄.
4미01-02,잘함,1,주변 대상을 체험하며 떠오른 느낌과 생각을 대체로 다양한 방법으로 나타냄.
4미01-02,잘함,2,주변 대상 체험에서 느낀 점과 생각을 대략적으로 표현함.
4미01-02,보통,1,주변 대상을 체험하며 떠오른 느낌과 생각을 조금씩 표현해감.
4미01-02,보통,2,주변 대상을 체험하며 느낀 점을 다양한 방법으로 나타내려고 노력함.
4미01-03,매우잘함,1,미적 탐색에 호기심을 갖고 적극적으로 참여하며 대상의 특징을 정확히 이해함.
4미01-03,매우잘함,2,미적 탐색 활동에 큰 관심을 보이며 자신의 감각으로 대상의 특징을 구체적으로 파악함.
4미01-03,잘함,1,미적 탐색에 호기심을 갖고 참여하며 대상의 특징을 대체로 이해함.
4미01-03,잘함,2,미적 탐색 활동에 참여하며 자신의 감각으로 대상의 특징을 대략적으로 파악함.
4미01-03,보통,1,미적 탐색에 관심을 보이며 대상의 특징을 조금씩 이해해감.
4미01-03,보통,2,미적 탐색 활동에 참여하며 대상의 특징을 이해하려고 노력함.
4미01-04,매우잘함,1,생활 속에서 활용되는 미술에 지속적인 관심을 가지고 미술의 특징과 역할을 폭넓게 발견함.
4미01-04,매우잘함,2,생활 속 미술 사례를 다양하게 조사하여 미술의 특징과 역할을 정확히 찾아냄.
4미01-04,잘함,1,생활 속에서 활용되는 미술에 관심을 가지고 미술의 특징과 역할을 대체로 발견함.
4미01-04,잘함,2,생활 속 미술 사례를 찾아 미술의 특징과 역할을 대략적으로 파악함.
4미01-04,보통,1,생활 속 미술에 관심을 보이며 미술의 특징과 역할을 발견해감.
4미01-04,보통,2,생활 속에서 활용되는 미술의 특징과 역할을 발견하려고 노력함.
4미02-01,매우잘함,1,관찰과 상상으로 다양한 아이디어를 떠올려 표현 주제를 구체적으로 완성함.
4미02-01,매우잘함,2,관찰과 상상을 폭넓게 활용하여 표현 주제를 정확히 구체화함.
4미02-01,잘함,1,관찰과 상상으로 아이디어를 떠올려 표현 주제를 대체로 구체화함.
4미02-01,잘함,2,관찰과 상상을 통해 얻은 아이디어로 표현 주제를 대략적으로 정리함.
4미02-01,보통,1,관찰과 상상으로 아이디어를 떠올려 표현 주제를 조금씩 구체화해감.
4미02-01,보통,2,관찰과 상상으로 표현 주제를 나타내려고 노력함.
4미02-02,매우잘함,1,기본적인 표현 재료와 용구의 특성을 정확히 이해하고 사용 방법을 능숙하게 익힘.
4미02-02,매우잘함,2,표현 재료와 용구의 특성을 구체적으로 설명하며 사용 방법을 폭넓게 습득함.
4미02-02,잘함,1,기본적인 표현 재료와 용구의 특성을 대체로 이해하고 사용 방법을 익힘.
4미02-02,잘함,2,표현 재료와 용구의 특성을 대략적으로 이해하고 사용 방법을 익힘.
4미02-02,보통,1,기본적인 표현 재료와 용구의 특성을 조금씩 이해해감.
4미02-02,보통,2,표현 재료와 용구의 사용 방법을 익히려고 노력함.
4미02-03,매우잘함,1,조형 요소의 다양한 특징을 자유롭게 탐색하여 정확히 이해하고 주제 표현에 알맞게 활용함.
4미02-03,매우잘함,2,조형 요소의 특징을 폭넓게 탐색하고 주제 표현에 창의적으로 적용함.
4미02-03,잘함,1,조형 요소의 특징을 자유롭게 탐색하며 주제 표현에 대체로 알맞게 활용함.
4미02-03,잘함,2,조형 요소의 특징을 탐색하여 주제 표현에 대략적으로 활용함.
4미02-03,보통,1,조형 요소의 일부 특징을 조금씩 탐색하며 활용해감.
4미02-03,보통,2,조형 요소의 특징을 주제 표현에 활용하려고 노력함.
4미02-04,매우잘함,1,분명한 표현 의도를 가지고 주도적으로 작품을 제작하며 자기 작품을 소중히 여기는 태도를 구체적으로 실천함.
4미02-04,매우잘함,2,표현 의도를 폭넓게 구상하여 작품을 완성도 있게 제작하며 자기 작품을 소중히 대함.
4미02-04,잘함,1,표현 의도를 가지고 작품을 제작하며 자기 작품을 대체로 소중히 여김.
4미02-04,잘함,2,표현 의도를 가지고 작품을 제작하며 자기 작품을 소중히 여기는 태도를 대략적으로 보임.
4미02-04,보통,1,표현 의도를 작품 제작에 조금씩 반영해감.
4미02-04,보통,2,표현 의도를 가지고 작품을 제작하며 자기 작품을 소중히 여기려고 노력함.
4미02-05,매우잘함,1,다양한 탐색을 통해 미술과 타 교과를 폭넓게 관련지어 주제를 표현하는 데 지속적인 흥미를 보임.
4미02-05,매우잘함,2,미술과 타 교과를 구체적으로 관련지어 주제를 표현하는 활동에 적극적인 흥미를 나타냄.
4미02-05,잘함,1,미술과 타 교과를 관련지어 주제를 표현하는 데 대체로 흥미를 가짐.
4미02-05,잘함,2,미술과 타 교과를 관련지어 주제를 표현하는 활동에 대략적으로 관심을 보임.
4미02-05,보통,1,미술과 타 교과를 관련지어 주제를 표현하는 데 흥미를 가지려고 노력함.
4미02-05,보통,2,미술과 타 교과를 관련짓는 표현 활동에 조금씩 관심을 보여감.
4미03-01,매우잘함,1,미술 작품을 자세히 보고 작품과 미술가에 관해 다양한 질문을 구체적으로 제시함.
4미03-01,매우잘함,2,미술 작품을 폭넓게 살펴보고 작품과 미술가에 관해 적극적으로 질문함.
4미03-01,잘함,1,미술 작품을 자세히 보고 작품과 미술가에 관해 대체로 질문함.
4미03-01,잘함,2,미술 작품을 살펴보고 작품과 미술가에 관해 대략적으로 질문함.
4미03-01,보통,1,미술 작품을 보고 작품과 미술가에 관해 질문을 조금씩 시도함.
4미03-01,보통,2,미술 작품과 미술가에 관해 질문하려고 노력함.
4미03-02,매우잘함,1,미술 작품의 다양한 특징과 자신의 느낌과 생각을 구체적으로 설명함.
4미03-02,매우잘함,2,미술 작품의 특징을 폭넓게 파악하여 자신의 느낌과 생각을 정확히 설명함.
4미03-02,잘함,1,미술 작품의 특징과 자신의 느낌과 생각을 대체로 설명함.
4미03-02,잘함,2,미술 작품의 특징에 대한 자신의 느낌과 생각을 대략적으로 설명함.
4미03-02,보통,1,미술 작품의 특징과 자신의 느낌과 생각을 조금씩 설명해감.
4미03-02,보통,2,미술 작품에 대한 느낌과 생각을 설명하려고 노력함.
4미03-03,매우잘함,1,폭넓은 미술 문화에 지속적인 관심을 가지고 전시 및 행사에 주도적으로 참여함.
4미03-03,매우잘함,2,미술 문화의 특징을 구체적으로 이해하며 전시 및 행사 활동에 적극적으로 참여함.
4미03-03,잘함,1,미술 문화에 대체로 관심을 가지고 전시 및 행사에 참여함.
4미03-03,잘함,2,미술 문화와 전시 및 행사에 대략적으로 관심을 가지고 참여함.
4미03-03,보통,1,미술 문화에 일부 관심을 가지고 전시 및 행사에 조금씩 참여해감.
4미03-03,보통,2,미술 문화와 전시 및 행사에 관심을 가지려고 노력함.
4미03-04,매우잘함,1,작품 감상에 흥미를 가지고 적극적으로 참여하며 자신의 감상 관점을 구체적으로 존중함.
4미03-04,매우잘함,2,작품 감상 활동에 폭넓게 참여하고 자신의 감상 관점을 정확히 존중함.
4미03-04,잘함,1,작품 감상에 흥미를 가지고 참여하며 자신의 감상 관점을 대체로 존중함.
4미03-04,잘함,2,작품 감상 활동에 참여하며 자신의 감상 관점을 대략적으로 존중함.
4미03-04,보통,1,작품 감상에 참여하며 자신의 감상 관점을 가지려고 노력함.
4미03-04,보통,2,작품 감상 활동에 조금씩 참여하며 감상 관점을 형성해감.
4사01-01,매우잘함,1,"주변 여러 장소에서의 경험과 느낌을 다양한 방식으로 정확히 표현하고, 다른 사람의 장소감을 폭넓게 비교하며 서로 다른 장소감을 존중하는 태도를 갖춤."
4사01-01,매우잘함,2,"주변 여러 장소에 대한 경험과 느낌을 구체적인 방식으로 표현하고, 자신과 다른 사람의 장소감을 세심하게 비교하며 서로 존중하는 태도를 보임."
4사01-01,잘함,1,"주변 여러 장소에서의 경험과 느낌을 다양한 방식으로 대체로 표현하고, 다른 사람의 장소감을 관찰하며 서로 존중하는 태도를 지님."
4사01-01,잘함,2,"주변 장소에서의 경험과 느낌을 대략적으로 표현하고, 다른 사람과 장소감을 비교하며 존중하는 태도를 나타냄."
4사01-01,보통,1,"주변 여러 장소에서의 경험과 느낌을 조금씩 표현해가며, 다른 사람의 장소감에 관심을 가지려고 노력함."
4사01-01,보통,2,"주변 장소에 대한 경험과 느낌을 표현하는 데 익숙해져가고, 다른 사람의 장소감 차이를 알아가려 노력함."
4사01-02,매우잘함,1,"주변의 여러 장소를 조사하여 좋은 점과 불편한 점을 정확히 구분하고, 살기 좋은 곳의 조건을 분석하여 더 살기 좋은 곳으로 만드는 방법을 구체적으로 제안함."
4사01-02,매우잘함,2,"주변 장소의 좋은 점과 불편한 점을 폭넓게 조사하고, 이를 바탕으로 우리가 사는 곳을 개선할 실천 방안을 명확하게 제시함."
4사01-02,잘함,1,"주변의 여러 장소를 조사하여 좋은 점과 불편한 점을 대체로 구분하고, 더 살기 좋은 곳으로 만드는 방법을 제시함."
4사01-02,잘함,2,"주변 장소를 살펴보며 좋은 점과 불편한 점을 대략적으로 파악하고, 개선 방안을 제시함."
4사01-02,보통,1,주변의 여러 장소를 조사하여 좋은 점과 불편한 점을 조금씩 나열해감.
4사01-02,보통,2,주변 장소를 살펴보며 좋은 점과 불편한 점을 찾아가려고 노력함.
4사02-01,매우잘함,1,"일상 속에서 시간의 흐름을 경험할 수 있는 사례를 정확히 분석하여 역사의 시간 개념을 구체적으로 탐구하고, 시간의 흐름 속 자신의 위치를 명확히 확인함."
4사02-01,매우잘함,2,시간의 흐름을 보여주는 다양한 사례를 폭넓게 찾아 역사의 시간 개념을 깊이 있게 탐구함.
4사02-01,잘함,1,"일상 속에서 시간의 흐름을 경험할 수 있는 사례를 대체로 찾아보고, 이를 바탕으로 역사의 시간 개념을 설명함."
4사02-01,잘함,2,시간의 흐름을 경험할 수 있는 사례를 대략적으로 살펴보고 역사의 시간 개념을 이해해감.
4사02-01,보통,1,일상 속에서 시간의 흐름을 경험할 수 있는 사례를 조금씩 찾아감.
4사02-01,보통,2,시간의 흐름을 경험할 수 있는 사례를 찾아보려고 노력함.
4사02-02,매우잘함,1,"주변에서 오래된 물건이나 자료들을 정확히 찾아 탐색하고, 역사가 증거를 바탕으로 구성된다는 것을 구체적으로 추정함."
4사02-02,매우잘함,2,오래된 물건과 자료를 폭넓게 조사하여 과거의 모습을 담은 증거로서의 가치를 명확히 설명함.
4사02-02,잘함,1,"주변에서 오래된 물건이나 자료들을 대체로 찾아보고, 이들이 과거의 모습을 알려주는 증거임을 설명함."
4사02-02,잘함,2,오래된 물건이나 자료를 대략적으로 찾아보고 과거의 모습을 짐작해봄.
4사02-02,보통,1,주변에서 과거의 모습을 살펴볼 수 있는 오래된 물건이나 자료들을 조금씩 찾아감.
4사02-02,보통,2,오래된 물건이나 자료를 찾아보려고 노력함.
4사02-03,매우잘함,1,지역의 변화상을 보여주는 다양한 역사 자료를 정확히 선정하고 분석하여 지역 사람들의 달라진 생활 모습을 구체적으로 유추함.
4사02-03,매우잘함,2,여러 역사 자료를 폭넓게 비교 분석하여 지역 사람들의 생활 변화 양상을 명확하게 도출함.
4사02-03,잘함,1,지역의 변화상을 보여주는 역사 자료를 대체로 조사하여 지역 사람들의 달라진 생활 모습을 비교함.
4사02-03,잘함,2,역사 자료를 대략적으로 살펴보고 지역 사람들의 생활 변화를 설명함.
4사02-03,보통,1,지역의 변화상을 보여주는 역사 자료를 통해 달라진 생활 모습을 조금씩 찾아감.
4사02-03,보통,2,역사 자료를 살펴보며 지역의 변화 모습을 알아가려고 노력함.
4사03-01,매우잘함,1,"사례를 통해 최근 사회 변화의 양상과 특징을 정확히 도출하고, 그로 인해 변화한 생활 모습을 구체적으로 분석함."
4사03-01,매우잘함,2,"최근 사회 변화의 양상과 특징을 폭넓은 자료를 바탕으로 파악하고, 생활 모습의 변화를 명확하게 설명함."
4사03-01,잘함,1,"최근 사회 변화의 양상과 특징을 대체로 분석하고, 그로 인해 변화한 생활모습을 설명함."
4사03-01,잘함,2,사회 변화의 양상과 특징을 대략적으로 파악하고 생활 모습의 변화를 제시함.
4사03-01,보통,1,최근 사회 변화의 양상과 특징을 생활모습의 변화와 관련지어 조금씩 나열해감.
4사03-01,보통,2,사회 변화의 모습을 살펴보려고 노력함.
4사03-02,매우잘함,1,"다양한 자료를 통해 우리 사회에 다양한 문화가 확산되며 나타나는 긍정적 효과와 문제를 정확히 도출하고, 나와 다른 사람이나 집단의 문화를 존중하는 태도를 구체적으로 실천함."
4사03-02,매우잘함,2,"문화 확산에 따른 긍정적 효과와 문제를 폭넓게 분석하고, 다른 사람이나 집단의 문화를 존중하는 태도를 적극적으로 나타냄."
4사03-02,잘함,1,"우리 사회에 다양한 문화가 확산되면서 나타나는 긍정적 효과와 문제를 대체로 분석하고, 나와 다른 사람이나 집단의 문화를 존중하는 태도를 지님."
4사03-02,잘함,2,문화 확산에 따른 긍정적 효과와 문제를 대략적으로 파악하고 다른 문화를 존중하는 태도를 나타냄.
4사03-02,보통,1,"문화가 확산되면서 나타나는 긍정적 효과와 문제를 조금씩 나열해가며, 다른 사람의 문화를 존중해야 함을 알아감."
4사03-02,보통,2,다양한 문화를 존중하는 태도를 지니려고 노력함.
4사04-01,매우잘함,1,"옛날 풍습을 정확히 조사하고, 오늘날과 비교하여 변화상을 구체적으로 분석함."
4사04-01,매우잘함,2,"다양한 옛날 풍습을 폭넓게 살펴보고, 오늘날과의 차이를 명확하게 설명함."
4사04-01,잘함,1,"옛날 풍습을 대체로 살펴보고, 오늘날과 비교하여 변화상을 제시함."
4사04-01,잘함,2,"옛날 풍습의 종류를 대략적으로 설명하고, 오늘날의 풍습과 비교함."
4사04-01,보통,1,옛날 풍습의 종류를 조금씩 알아감.
4사04-01,보통,2,옛날과 오늘날의 풍습을 비교해보려고 노력함.
4사04-02,매우잘함,1,옛날부터 오늘날까지 교통의 변화에 따른 이동과 생활 모습의 변화를 일상생활의 경험과 관련지어 정확하게 탐구함.
4사04-02,매우잘함,2,교통수단의 변화 과정을 폭넓게 조사하여 이동과 생활 모습의 변화를 구체적으로 설명함.
4사04-02,잘함,1,옛날부터 오늘날까지 교통의 변화에 따른 이동과 생활 모습의 변화를 대체로 설명함.
4사04-02,잘함,2,교통의 변화에 따른 이동과 생활 모습의 변화를 대략적으로 파악함.
4사04-02,보통,1,옛날부터 오늘날까지 교통의 변화에 따라 이동 수단이 달라졌음을 조금씩 말해감.
4사04-02,보통,2,교통수단의 변화를 알아가려고 노력함.
4사04-03,매우잘함,1,옛날부터 오늘날까지 통신수단의 변화에 따른 정보 교류와 의사소통 방식의 변화를 일상생활의 경험과 관련지어 정확하게 탐구함.
4사04-03,매우잘함,2,통신수단의 변화 과정을 폭넓게 조사하여 정보 교류와 의사소통 방식의 변화를 구체적으로 설명함.
4사04-03,잘함,1,옛날부터 오늘날까지 통신수단의 변화에 따른 정보 교류와 의사소통 방식의 변화를 대체로 설명함.
4사04-03,잘함,2,통신수단의 변화에 따른 정보 교류와 의사소통 방식의 변화를 대략적으로 파악함.
4사04-03,보통,1,옛날부터 오늘날까지 통신수단의 변화에 따라 정보 교류와 의사소통 방식이 달라졌음을 조금씩 짐작해감.
4사04-03,보통,2,통신수단의 변화를 알아가려고 노력함.
4사05-01,매우잘함,1,"우리 지역을 표현한 다양한 지도의 종류와 기능을 정확히 분석하고, 지도에 나타난 요소의 의미와 쓰임을 구체적으로 설명하며 실생활에서 지도를 활용함."
4사05-01,매우잘함,2,여러 종류의 지도를 폭넓게 조사하여 지도 요소의 의미를 명확하게 설명함.
4사05-01,잘함,1,"우리 지역을 표현한 다양한 종류의 지도를 대체로 조사하고, 지도에 나타난 요소가 의미하는 바를 설명함."
4사05-01,잘함,2,지도의 종류를 대략적으로 살펴보고 지도 요소를 설명함.
4사05-01,보통,1,"우리 지역을 표현한 다양한 종류의 지도를 보고, 지도의 요소를 조금씩 구별해감."
4사05-01,보통,2,지도의 요소를 알아가려고 노력함.
4사05-02,매우잘함,1,"지도를 통해 우리 지역의 위치 특성을 정확히 분석하고, 지리 정보를 조사하여 다른 지역과 비교하여 구체적으로 설명함."
4사05-02,매우잘함,2,우리 지역의 지리 정보를 폭넓게 조사하여 다른 지역과의 차이를 명확하게 설명함.
4사05-02,잘함,1,"지도에서 우리 지역의 위치를 대체로 확인하고, 지리 정보를 조사하여 지역의 특징을 설명함."
4사05-02,잘함,2,우리 지역의 위치와 지리 정보를 대략적으로 파악함.
4사05-02,보통,1,"지도에서 우리 지역의 위치를 조금씩 찾아가며, 지리 정보를 조사해감."
4사05-02,보통,2,우리 지역의 위치와 지리 정보를 알아가려고 노력함.
4사06-01,매우잘함,1,"지역의 문화유산을 통해 문화유산의 의미, 유형, 가치를 정확히 탐구하고, 문화유산을 보존하려는 태도를 구체적으로 실천함."
4사06-01,매우잘함,2,문화유산의 가치를 폭넓게 탐색하여 이를 보존하려는 태도를 적극적으로 나타냄.
4사06-01,잘함,1,"지역의 문화유산을 통해 문화유산의 의미와 유형을 대체로 설명하고, 문화유산을 지키려는 태도를 지님."
4사06-01,잘함,2,문화유산의 의미와 가치를 대략적으로 설명함.
4사06-01,보통,1,"지역의 문화유산을 통해 문화유산의 의미와 유형을 조금씩 탐색해가며, 문화유산에 관심을 가짐."
4사06-01,보통,2,문화유산에 관심을 가지려고 노력함.
4사06-02,매우잘함,1,"지역의 박물관, 기념관, 유적지 등을 체험하며 다양한 역사적 사실을 정확히 탐구하고, 지역의 역사를 지키려는 태도를 구체적으로 실천함."
4사06-02,매우잘함,2,지역의 역사 현장을 폭넓게 체험하여 역사적 사실을 깊이 있게 탐구함.
4사06-02,잘함,1,"지역의 박물관, 기념관, 유적지 등을 체험하며 알게 된 역사적 사실을 대체로 설명하고, 지역의 역사에 지속적으로 관심을 가짐."
4사06-02,잘함,2,지역의 역사 현장을 대략적으로 체험하고 역사적 사실을 설명함.
4사06-02,보통,1,"지역의 박물관, 기념관, 유적지 등을 살펴보며 지역의 역사에 조금씩 관심을 가져감."
4사06-02,보통,2,지역의 역사에 관심을 가지려고 노력함.
4사07-01,매우잘함,1,"자원의 희소성으로 인해 경제활동에서 선택의 문제가 발생하는 사례를 정확히 조사하고, 합리적 선택의 방법을 구체적으로 실천함."
4사07-01,매우잘함,2,선택의 문제가 발생하는 다양한 사례를 폭넓게 분석하여 합리적 선택의 방법을 명확하게 제시함.
4사07-01,잘함,1,"자원의 희소성으로 인해 경제활동에서 선택의 문제가 발생함을 대체로 설명하고, 합리적 선택의 방법을 탐색함."
4사07-01,잘함,2,선택의 문제와 합리적 선택의 방법을 대략적으로 파악함.
4사07-01,보통,1,자원의 희소성으로 인해 선택의 문제가 발생함을 조금씩 말해감.
4사07-01,보통,2,합리적 선택의 방법을 알아가려고 노력함.
4사07-02,매우잘함,1,"사례를 통해 생산과 소비 활동을 정확히 분석하고, 인적ㆍ물적 교류의 사례를 조사하여 각 지역 및 사람들이 상호 의존 관계를 맺고 있음을 구체적으로 도출함."
4사07-02,매우잘함,2,다양한 교류 사례를 폭넓게 조사하여 지역과 사람들 간의 상호 의존 관계를 명확하게 설명함.
4사07-02,잘함,1,"사례를 통해 생산과 소비 활동을 대체로 구분하고, 인적ㆍ물적 교류의 사례를 통해 상호 의존 관계에 있음을 설명함."
4사07-02,잘함,2,"생산과 소비 활동, 교류의 사례를 대략적으로 파악함."
4사07-02,보통,1,"생산과 소비 활동을 구분하고, 인적ㆍ물적 교류의 사례를 조금씩 조사해감."
4사07-02,보통,2,지역 간 교류에 관심을 가지려고 노력함.
4사08-01,매우잘함,1,"학교 자치 활동의 사례를 조사하여 민주주의의 의미를 정확히 도출하고, 학교생활에서 민주주의를 실천하는 데 적극적으로 참여함."
4사08-01,매우잘함,2,학교 자치의 다양한 사례를 폭넓게 분석하여 민주주의의 의미를 구체적으로 설명함.
4사08-01,잘함,1,"학교 자치 활동의 사례를 통하여 민주주의의 의미를 대체로 설명하고, 학교생활에서 민주주의를 실천하는 데 관심을 가짐."
4사08-01,잘함,2,학교 자치 사례를 대략적으로 살펴보고 민주주의의 의미를 제시함.
4사08-01,보통,1,"학교 자치 활동의 사례를 통하여 민주주의의 의미를 조금씩 제시해가며, 실천하고자 노력함."
4사08-01,보통,2,학교생활에서 민주주의를 실천하려고 노력함.
4사08-02,매우잘함,1,"지역에서 이루어지는 민주주의의 사례를 통해 주민 자치와 주민 참여의 중요성을 정확히 설명하고, 지역사회에서 발생하는 문제를 조사하고 해결하기 위해 적극적으로 노력함."
4사08-02,매우잘함,2,주민 자치와 참여의 다양한 사례를 폭넓게 분석하여 지역사회 문제 해결 방안을 구체적으로 제시함.
4사08-02,잘함,1,"지역에서 이루어지는 민주주의의 사례를 통해 주민 자치와 주민 참여의 중요성을 대체로 파악하고, 지역사회에서 발생하는 문제에 관심을 가짐."
4사08-02,잘함,2,주민 자치와 주민 참여의 중요성을 대략적으로 설명함.
4사08-02,보통,1,"주민 자치와 주민 참여의 중요성을 조금씩 파악해가며, 지역사회에서 발생하는 문제에 주의를 기울여감."
4사08-02,보통,2,지역사회의 문제에 관심을 가지려고 노력함.
4사09-01,매우잘함,1,"생활 주변에서 찾을 수 있는 지역의 여러 가지 문제를 정확히 조사하고, 그 문제를 합리적으로 해결하는 방안을 근거를 들어 구체적으로 제안함."
4사09-01,매우잘함,2,지역 문제를 폭넓게 조사하여 해결 방안을 명확한 근거와 함께 제시함.
4사09-01,잘함,1,"생활 주변에서 찾을 수 있는 지역의 여러 가지 문제를 대체로 파악하고, 합리적으로 해결하기 위한 방안을 탐색함."
4사09-01,잘함,2,지역의 여러 가지 문제와 해결 방안을 대략적으로 제시함.
4사09-01,보통,1,"생활 주변에서 찾을 수 있는 여러 가지 문제를 조금씩 제시해가며, 문제 해결에 관심을 가짐."
4사09-01,보통,2,문제 해결에 관심을 가지려고 노력함.
4사09-02,매우잘함,1,"지역의 자연환경, 역사, 문화, 생산물 등을 알리려는 지역사회의 여러 활동을 정확히 조사하고, 지역사회의 노력에 다양한 방식으로 적극 참여함."
4사09-02,매우잘함,2,지역사회의 다양한 홍보 활동을 폭넓게 조사하여 그 의의를 구체적으로 설명함.
4사09-02,잘함,1,"지역의 자연환경, 역사, 문화, 생산물 등을 알리려는 지역사회의 활동을 대체로 조사하고, 지역사회의 노력에 지속적으로 관심을 가짐."
4사09-02,잘함,2,지역사회의 홍보 활동을 대략적으로 조사함.
4사09-02,보통,1,"지역의 자연환경, 역사, 문화, 생산물 등을 알리려는 지역사회의 활동을 조금씩 탐색해감."
4사09-02,보통,2,지역사회의 노력에 관심을 가지려고 노력함.
4사10-01,매우잘함,1,"여러 지역의 자연환경과 인문환경을 정확히 분석하여 특징을 파악하고, 개발과 보전에 관한 균형 있는 관점을 바탕으로 환경의 이용과 개발에 따른 변화를 구체적으로 설명함."
4사10-01,매우잘함,2,다양한 지역의 환경 특징을 폭넓게 조사하여 환경의 이용과 개발에 따른 변화를 명확하게 설명함.
4사10-01,잘함,1,"여러 지역의 자연환경과 인문환경을 조사하여 유사점과 차이점을 대체로 발견하고, 환경의 이용과 개발에 따른 변화를 설명함."
4사10-01,잘함,2,여러 지역의 환경 특징을 대략적으로 파악함.
4사10-01,보통,1,여러 지역의 자연환경과 인문환경의 다양한 모습을 조금씩 확인해감.
4사10-01,보통,2,환경의 이용과 개발에 따른 변화를 살펴보려고 노력함.
4사10-02,매우잘함,1,"우리나라 여러 도시의 사례를 정확히 분석하여 인구, 교통, 산업 등의 특징을 도출하고, 도시 생활의 장점과 단점을 중심으로 도시에서의 삶의 모습을 구체적으로 설명함."
4사10-02,매우잘함,2,다양한 도시 사례를 폭넓게 조사하여 도시 생활의 특징을 명확하게 설명함.
4사10-02,잘함,1,"우리나라 여러 도시의 인구, 교통, 산업의 특징을 대체로 조사하고, 도시 생활의 장점과 단점을 설명함."
4사10-02,잘함,2,"도시의 인구, 교통, 산업의 특징을 대략적으로 파악함."
4사10-02,보통,1,"우리나라 여러 도시의 인구, 교통, 산업의 특징을 조금씩 찾아감."
4사10-02,보통,2,도시에서의 생활 모습을 알아가려고 노력함.
4수01-01,매우잘함,1,"실생활에서 큰 수의 필요성을 정확히 설명하고, 10000 이상의 수를 각 자리 숫자가 나타내는 수들의 합으로 정확하게 나타내며 읽고 씀."
4수01-01,매우잘함,2,"10000 이상의 큰 수의 자릿값과 위치적 기수법을 구체적으로 이해하고, 큰 수를 정확하게 읽고 씀."
4수01-01,잘함,1,"실생활에서 큰 수의 필요성을 대체로 이해하고, 10000 이상의 수에서 각 자리 숫자가 나타내는 수를 말하며 읽고 씀."
4수01-01,잘함,2,10000 이상의 수의 자릿값을 대략적으로 이해하고 수를 읽고 씀.
4수01-01,보통,1,자릿값 카드 등의 도움을 받아 10000 이상의 수를 조금씩 읽고 써감.
4수01-01,보통,2,큰 수의 자릿값을 이해하려고 노력하며 수를 읽고 쓰는 데 도움이 필요함.
4수01-02,매우잘함,1,"수의 계열에 대한 이해를 바탕으로 다섯 자리 이상의 수를 여러 방법으로 세고, 크기를 비교하는 방법을 정확하게 설명함."
4수01-02,매우잘함,2,다섯 자리 이상의 큰 수를 폭넓게 이해하여 다양한 방법으로 세고 크기를 정확히 비교함.
4수01-02,잘함,1,"다섯 자리 이상의 수를 만, 억, 조씩 뛰어 세면서 수의 계열을 대체로 이해하고 크기를 비교함."
4수01-02,잘함,2,다섯 자리 이상의 수의 크기를 대략적으로 비교하고 수의 계열을 이해함.
4수01-02,보통,1,안내된 절차에 따라 다섯 자리 이상의 수를 조금씩 뛰어 세어감.
4수01-02,보통,2,간단한 두 수의 크기를 비교하는 데 어려움을 느끼며 노력함.
4수01-03,매우잘함,1,받아올림이 있는 (세 자리 수)+(세 자리 수)와 받아내림이 있는 (세 자리 수)-(세 자리 수)를 정확히 계산하고 계산 원리를 구체적으로 설명함.
4수01-03,매우잘함,2,세 자리 수의 덧셈과 뺄셈의 계산 원리를 폭넓게 이해하고 정확하게 계산함.
4수01-03,잘함,1,받아올림과 받아내림이 있는 세 자리 수의 덧셈과 뺄셈의 계산 원리를 대체로 이해하고 계산함.
4수01-03,잘함,2,세 자리 수의 덧셈과 뺄셈을 대략적인 원리 이해를 바탕으로 계산함.
4수01-03,보통,1,안내된 절차에 따라 세 자리 수의 간단한 덧셈과 뺄셈을 조금씩 계산해감.
4수01-03,보통,2,받아올림과 받아내림이 있는 계산 원리를 이해하려고 노력함.
4수01-04,매우잘함,1,"(두 자리 수)×(한 자리 수), (세 자리 수)×(한 자리 수), (두 자리 수)×(두 자리 수), (세 자리 수)×(두 자리 수)를 정확히 계산하고 계산 원리를 구체적으로 설명함."
4수01-04,매우잘함,2,한 자리 수와 두 자리 수를 곱하는 곱셈의 계산 원리를 폭넓게 이해하고 정확하게 계산함.
4수01-04,잘함,1,두 자리 수와 세 자리 수의 곱셈의 계산 원리를 대체로 이해하고 계산함.
4수01-04,잘함,2,곱하는 수가 한 자리 수 또는 두 자리 수인 곱셈을 대략적으로 이해하여 계산함.
4수01-04,보통,1,안내된 절차에 따라 두 자리 수끼리의 간단한 곱셈을 조금씩 계산해감.
4수01-04,보통,2,곱셈의 계산 원리를 이해하려고 노력하며 계산에 도움이 필요함.
4수01-05,매우잘함,1,"나눗셈이 이루어지는 실생활 상황과 연결하여 나눗셈의 의미를 정확히 설명하고, 곱셈과 나눗셈의 관계를 구체적으로 설명함."
4수01-05,매우잘함,2,실생활 상황을 곱셈식과 나눗셈식으로 정확하게 나타내며 두 연산의 관계를 폭넓게 이해함.
4수01-05,잘함,1,나눗셈이 이루어지는 실생활 상황과 연결하여 나눗셈의 의미를 대체로 이해하고 나눗셈식으로 나타냄.
4수01-05,잘함,2,곱셈식과 나눗셈식의 관계를 대략적으로 이해하고 상황에 맞게 나타냄.
4수01-05,보통,1,안내된 절차에 따라 나눗셈 상황을 나눗셈식으로 조금씩 나타내어감.
4수01-05,보통,2,곱셈식과 나눗셈식을 서로 바꾸어 나타내는 데 노력이 필요함.
4수01-06,매우잘함,1,"나누는 수가 한 자리 수인 나눗셈을 정확히 계산하여 몫과 나머지를 구하고, 그 의미와 계산 원리를 구체적으로 설명함."
4수01-06,매우잘함,2,나눗셈에서 몫과 나머지의 의미를 폭넓게 이해하고 정확하게 계산함.
4수01-06,잘함,1,나누는 수가 한 자리 수인 나눗셈의 계산 원리를 대체로 이해하고 몫과 나머지를 구함.
4수01-06,잘함,2,몫과 나머지의 의미를 대략적으로 이해하고 나눗셈을 계산함.
4수01-06,보통,1,안내된 절차에 따라 한 자리 수로 나누는 나눗셈을 조금씩 계산해감.
4수01-06,보통,2,몫과 나머지를 구하는 데 도움을 받으며 노력함.
4수01-07,매우잘함,1,(두 자리 수)÷(두 자리 수)와 (세 자리 수)÷(두 자리 수)를 정확히 계산하고 계산 원리를 구체적으로 설명함.
4수01-07,매우잘함,2,두 자리 수로 나누는 나눗셈의 계산 원리를 폭넓게 이해하고 정확하게 계산함.
4수01-07,잘함,1,(두 자리 수)÷(두 자리 수)와 (세 자리 수)÷(두 자리 수)의 계산 원리를 대체로 이해하고 계산함.
4수01-07,잘함,2,두 자리 수로 나누는 나눗셈을 대략적인 원리 이해를 바탕으로 계산함.
4수01-07,보통,1,안내된 절차에 따라 두 자리 수로 나누는 간단한 나눗셈을 조금씩 계산해감.
4수01-07,보통,2,두 자리 수 나눗셈의 계산 원리를 이해하려고 노력함.
4수01-08,매우잘함,1,"자연수의 덧셈, 뺄셈, 곱셈, 나눗셈에서 계산 결과를 정확하게 어림하고, 이를 이용해 실생활 문제를 구체적으로 해결함."
4수01-08,매우잘함,2,어림셈을 이용하여 계산 결과의 타당성을 폭넓게 확인하고 정확하게 판단함.
4수01-08,잘함,1,자연수의 사칙연산에서 계산 결과를 대체로 어림하고 타당성을 확인함.
4수01-08,잘함,2,어림셈을 대략적으로 활용하여 계산 결과를 점검함.
4수01-08,보통,1,안내된 절차에 따라 간단한 계산 결과를 조금씩 어림해감.
4수01-08,보통,2,계산 결과를 어림하는 데 도움이 필요하며 노력함.
4수01-09,매우잘함,1,"양의 등분할을 이용하여 분수의 필요성과 의미를 정확하게 설명하고, 분수를 정확히 읽고 씀."
4수01-09,매우잘함,2,분수의 필요성과 의미를 구체적으로 이해하고 폭넓게 활용하여 읽고 씀.
4수01-09,잘함,1,양의 등분할을 통하여 분수의 필요성과 의미를 대체로 이해하고 읽고 씀.
4수01-09,잘함,2,분수의 의미를 대략적으로 이해하고 읽고 씀.
4수01-09,보통,1,안내된 절차에 따라 분모와 분자를 구별하며 분수를 조금씩 읽고 써감.
4수01-09,보통,2,분수를 읽고 쓰는 데 도움을 받으며 노력함.
4수01-10,매우잘함,1,"단위분수, 진분수, 가분수, 대분수의 관계를 정확하게 설명하고, 가분수와 대분수를 서로 정확히 바꾸어 나타냄."
4수01-10,매우잘함,2,여러 종류의 분수 사이의 관계를 폭넓게 이해하고 구체적으로 변환함.
4수01-10,잘함,1,"단위분수, 진분수, 가분수, 대분수를 대체로 알고 가분수와 대분수를 서로 바꾸어 나타냄."
4수01-10,잘함,2,여러 분수의 관계를 대략적으로 이해하고 변환함.
4수01-10,보통,1,안내된 절차에 따라 여러 분수를 조금씩 구분해감.
4수01-10,보통,2,가분수와 대분수를 서로 바꾸어 나타내는 데 노력함.
4수01-11,매우잘함,1,"분모가 같은 분수끼리, 단위분수끼리 크기를 정확하게 비교하고 그 방법을 구체적으로 설명함."
4수01-11,매우잘함,2,분수의 크기 비교 원리를 폭넓게 이해하고 정확한 근거를 들어 비교함.
4수01-11,잘함,1,"분모가 같은 분수끼리, 단위분수끼리 크기를 대체로 비교함."
4수01-11,잘함,2,분수의 크기를 대략적으로 비교함.
4수01-11,보통,1,구체물이나 그림을 보고 분수의 크기를 조금씩 비교해감.
4수01-11,보통,2,분모가 같은 분수의 크기를 비교하는 데 도움이 필요함.
4수01-12,매우잘함,1,"분모가 10인 진분수를 소수 한 자리 수로 정확하게 나타내고, 실생활에서 소수가 활용되는 사례를 들어 필요성을 구체적으로 설명함."
4수01-12,매우잘함,2,소수 한 자리 수의 의미를 폭넓게 이해하고 정확하게 읽고 씀.
4수01-12,잘함,1,분모가 10인 진분수를 소수 한 자리 수로 대체로 나타내고 읽고 씀.
4수01-12,잘함,2,소수 한 자리 수를 대략적으로 이해하여 읽고 씀.
4수01-12,보통,1,분모가 10인 진분수와 소수의 관계를 조금씩 이해해감.
4수01-12,보통,2,소수 한 자리 수를 읽고 쓰는 데 도움이 필요함.
4수01-13,매우잘함,1,소수 두 자리 수와 소수 세 자리 수에서 자릿값의 원리를 정확하게 설명하고 소수를 정확히 읽고 씀.
4수01-13,매우잘함,2,소수의 자릿값 원리를 폭넓게 이해하고 구체적인 예를 들어 읽고 씀.
4수01-13,잘함,1,소수 두 자리 수와 소수 세 자리 수에서 자릿값의 원리를 대체로 이해하고 읽고 씀.
4수01-13,잘함,2,소수의 자릿값을 대략적으로 이해하여 읽고 씀.
4수01-13,보통,1,"안내된 절차에 따라 분모가 100, 1000인 분수를 소수로 조금씩 나타내어감."
4수01-13,보통,2,소수를 읽는 데 도움을 받으며 노력함.
4수01-14,매우잘함,1,여러 가지 소수의 크기를 정확하게 비교하고 그 방법을 구체적으로 설명함.
4수01-14,매우잘함,2,소수의 크기 비교 원리를 폭넓게 이해하고 정확한 근거로 비교함.
4수01-14,잘함,1,여러 가지 소수의 크기를 대체로 비교함.
4수01-14,잘함,2,소수의 크기를 대략적으로 비교함.
4수01-14,보통,1,구체물이나 그림을 이용하여 소수의 크기를 조금씩 비교해감.
4수01-14,보통,2,소수의 크기를 비교하는 데 도움이 필요함.
4수01-15,매우잘함,1,분모가 같은 분수의 덧셈과 뺄셈을 여러 방법으로 정확하게 계산하고 계산 원리를 구체적으로 설명함.
4수01-15,매우잘함,2,분모가 같은 분수의 덧셈과 뺄셈의 원리를 폭넓게 이해하고 정확하게 계산함.
4수01-15,잘함,1,분모가 같은 분수의 덧셈과 뺄셈의 계산 원리를 대체로 이해하고 계산함.
4수01-15,잘함,2,분모가 같은 분수의 덧셈과 뺄셈을 대략적인 원리 이해를 바탕으로 계산함.
4수01-15,보통,1,안내된 절차에 따라 분모가 같은 간단한 분수의 덧셈과 뺄셈을 조금씩 계산해감.
4수01-15,보통,2,분수의 덧셈과 뺄셈 계산 원리를 이해하려고 노력함.
4수01-16,매우잘함,1,소수 두 자리 수의 범위에서 소수의 덧셈과 뺄셈을 정확하게 계산하고 계산 원리를 구체적으로 설명함.
4수01-16,매우잘함,2,소수 두 자리 수 덧셈과 뺄셈의 원리를 폭넓게 이해하고 정확하게 계산함.
4수01-16,잘함,1,소수 두 자리 수의 범위에서 소수의 덧셈과 뺄셈의 계산 원리를 대체로 이해하고 계산함.
4수01-16,잘함,2,소수 두 자리 수의 덧셈과 뺄셈을 대략적인 원리 이해를 바탕으로 계산함.
4수01-16,보통,1,안내된 절차에 따라 소수 두 자리 수의 간단한 덧셈과 뺄셈을 조금씩 계산해감.
4수01-16,보통,2,소수의 덧셈과 뺄셈 계산 원리를 이해하려고 노력함.
4수02-01,매우잘함,1,여러 가지 배열에서 다양한 변화 규칙을 정확하게 찾아 수나 식으로 나타내고 그 방법을 구체적으로 설명함.
4수02-01,매우잘함,2,배열의 변화 규칙을 폭넓게 탐구하여 정확한 수나 식으로 나타냄.
4수02-01,잘함,1,주어진 배열에서 변화 규칙을 대체로 찾아 수나 식으로 나타냄.
4수02-01,잘함,2,배열의 변화 규칙을 대략적으로 파악하여 수나 식으로 나타냄.
4수02-01,보통,1,안내된 절차에 따라 간단한 배열에서 변화 규칙을 조금씩 찾아감.
4수02-01,보통,2,배열에서 규칙을 찾아 식으로 나타내는 데 도움이 필요함.
4수02-02,매우잘함,1,"계산식의 배열에서 규칙을 정확하게 찾아 계산 결과를 추측하고, 그 결과가 옳은지 구체적으로 확인하여 설명함."
4수02-02,매우잘함,2,계산식 배열의 규칙을 폭넓게 탐구하여 정확하게 추측하고 검증함.
4수02-02,잘함,1,계산식의 배열에서 규칙을 대체로 찾아 계산 결과를 추측함.
4수02-02,잘함,2,계산식 배열의 규칙을 대략적으로 파악하여 결과를 추측함.
4수02-02,보통,1,간단한 계산식의 배열에서 이어질 결과를 조금씩 추측해감.
4수02-02,보통,2,계산식 배열에서 규칙을 찾는 데 노력함.
4수02-03,매우잘함,1,"등호를 사용하여 크기가 같은 두 양의 관계를 정확하게 식으로 나타내고, 그 식이 옳은지 구체적으로 설명함."
4수02-03,매우잘함,2,등호와 동치 관계의 의미를 폭넓게 이해하고 정확한 식으로 표현함.
4수02-03,잘함,1,등호를 사용하여 크기가 같은 두 양의 관계를 대체로 식으로 나타냄.
4수02-03,잘함,2,등호를 이용한 동치 관계를 대략적으로 이해하여 식으로 나타냄.
4수02-03,보통,1,안내된 절차에 따라 등호를 사용하여 두 양의 관계를 조금씩 식으로 나타내어감.
4수02-03,보통,2,등호를 사용한 식 표현에 도움이 필요함.
4수03-01,매우잘함,1,"직선, 선분, 반직선의 예를 정확하게 제시하고 그 차이를 구체적으로 설명함."
4수03-01,매우잘함,2,"직선, 선분, 반직선의 특징을 폭넓게 이해하고 정확히 구별함."
4수03-01,잘함,1,"주어진 도형에서 직선, 선분, 반직선을 대체로 구별하고 그 차이를 말함."
4수03-01,잘함,2,"직선, 선분, 반직선을 대략적으로 구별함."
4수03-01,보통,1,"주어진 도형에서 직선, 선분, 반직선을 조금씩 구별해감."
4수03-01,보통,2,"직선, 선분, 반직선을 구별하는 데 도움이 필요함."
4수03-02,매우잘함,1,"각, 직각의 예를 정확하게 제시하고 직각과 비교하여 예각과 둔각의 차이를 구체적으로 설명함."
4수03-02,매우잘함,2,여러 가지 각의 종류를 폭넓게 이해하고 정확하게 분류함.
4수03-02,잘함,1,"주어진 도형에서 각과 직각을 대체로 찾고 여러 각을 직각, 예각, 둔각으로 분류함."
4수03-02,잘함,2,각의 종류를 대략적으로 구별함.
4수03-02,보통,1,"직각이 있는 구체물을 이용하여 직각, 예각, 둔각을 조금씩 찾아감."
4수03-02,보통,2,각의 종류를 찾는 데 도움이 필요함.
4수03-03,매우잘함,1,수직 관계인 두 직선이나 평행 관계인 두 직선을 정확하게 그리고 그 성질을 구체적으로 설명함.
4수03-03,매우잘함,2,수직과 평행의 의미를 폭넓게 이해하고 정확하게 그림.
4수03-03,잘함,1,수직과 평행의 의미를 대체로 알고 주어진 그림에서 수직 또는 평행 관계인 직선을 찾음.
4수03-03,잘함,2,수직과 평행 관계를 대략적으로 이해하여 직선을 찾음.
4수03-03,보통,1,안내된 절차에 따라 한 직선에 수직 또는 평행인 직선을 조금씩 찾아감.
4수03-03,보통,2,수직과 평행의 의미를 이해하려고 노력함.
4수03-04,매우잘함,1,"구체물이나 평면도형의 밀기, 뒤집기, 돌리기를 한 결과를 정확하게 예상하고 위치나 방향의 변화를 구체적으로 설명함."
4수03-04,매우잘함,2,도형의 이동에 따른 변화를 폭넓게 이해하고 정확하게 예상함.
4수03-04,잘함,1,"구체물이나 평면도형의 밀기, 뒤집기, 돌리기를 하고 위치나 방향의 변화를 대체로 말함."
4수03-04,잘함,2,도형의 이동에 따른 변화를 대략적으로 이해함.
4수03-04,보통,1,"간단한 구체물이나 평면도형의 밀기, 뒤집기, 돌리기 결과를 조금씩 그림으로 나타내어감."
4수03-04,보통,2,도형의 이동 결과를 이해하는 데 도움이 필요함.
4수03-05,매우잘함,1,평면에서 점을 이동하고 그 결과를 위치와 방향의 용어를 사용하여 정확하고 다양하게 설명함.
4수03-05,매우잘함,2,점의 이동에 따른 위치와 방향의 변화를 폭넓게 이해하고 구체적으로 표현함.
4수03-05,잘함,1,평면에서 점의 이동을 위치와 방향의 용어를 사용하여 대체로 말함.
4수03-05,잘함,2,점의 이동을 위치와 방향으로 대략적으로 표현함.
4수03-05,보통,1,안내된 절차에 따라 주어진 점을 위치와 방향에 맞게 조금씩 이동해감.
4수03-05,보통,2,점의 이동을 위치와 방향으로 나타내는 데 도움이 필요함.
4수03-06,매우잘함,1,"원의 중심, 반지름, 지름에 대한 이해를 바탕으로 원의 여러 성질을 정확하게 찾아 설명함."
4수03-06,매우잘함,2,원의 구성 요소를 폭넓게 이해하고 원의 성질을 구체적으로 탐구함.
4수03-06,잘함,1,"원의 중심, 반지름, 지름을 대체로 이해하고 이를 이용하여 원의 성질을 찾음."
4수03-06,잘함,2,원의 구성 요소를 대략적으로 이해함.
4수03-06,보통,1,"주어진 원에서 원의 중심, 반지름, 지름을 조금씩 찾아감."
4수03-06,보통,2,원의 구성 요소를 찾는 데 도움이 필요함.
4수03-07,매우잘함,1,"컴퍼스를 이용하여 여러 가지 크기의 원을 정확하게 그리고 원의 중심, 반지름, 지름을 이용해 그 방법을 구체적으로 설명함."
4수03-07,매우잘함,2,컴퍼스 사용법을 폭넓게 익혀 다양한 크기의 원을 정확하게 그림.
4수03-07,잘함,1,컴퍼스를 이용하여 주어진 원과 크기가 같은 원을 대체로 그림.
4수03-07,잘함,2,컴퍼스를 이용해 원을 대략적으로 그림.
4수03-07,보통,1,컴퍼스를 이용하여 원을 조금씩 그려감.
4수03-07,보통,2,컴퍼스로 원을 그리는 데 도움이 필요함.
4수03-08,매우잘함,1,여러 가지 삼각형을 분류하는 활동을 통하여 이등변삼각형과 정삼각형을 정확하게 구분하고 각각의 성질을 구체적으로 설명함.
4수03-08,매우잘함,2,삼각형의 변의 길이에 따른 분류 기준을 폭넓게 이해하고 정확하게 적용함.
4수03-08,잘함,1,주어진 삼각형에서 이등변삼각형과 정삼각형을 대체로 찾고 성질을 말함.
4수03-08,잘함,2,이등변삼각형과 정삼각형을 대략적으로 구분함.
4수03-08,보통,1,구체적 조작 활동을 통하여 이등변삼각형과 정삼각형을 조금씩 찾아감.
4수03-08,보통,2,삼각형을 변의 길이에 따라 구분하는 데 도움이 필요함.
4수03-09,매우잘함,1,"여러 가지 삼각형을 분류하는 활동을 통하여 직각삼각형, 예각삼각형, 둔각삼각형을 정확하게 구분하고 그 차이를 구체적으로 설명함."
4수03-09,매우잘함,2,각의 크기에 따른 삼각형의 분류 기준을 폭넓게 이해하고 정확하게 적용함.
4수03-09,잘함,1,"주어진 삼각형을 직각삼각형, 예각삼각형, 둔각삼각형으로 대체로 구분함."
4수03-09,잘함,2,삼각형을 각의 크기에 따라 대략적으로 구분함.
4수03-09,보통,1,"구체적 조작 활동을 통하여 직각삼각형, 예각삼각형, 둔각삼각형을 조금씩 찾아감."
4수03-09,보통,2,삼각형을 각의 크기에 따라 구분하는 데 도움이 필요함.
4수03-10,매우잘함,1,"여러 가지 사각형을 분류하는 활동을 통하여 직사각형, 정사각형, 사다리꼴, 평행사변형, 마름모를 정확하게 구분하고 각각의 성질을 구체적으로 설명함."
4수03-10,매우잘함,2,사각형의 성질에 따른 분류 기준을 폭넓게 이해하고 정확하게 적용함.
4수03-10,잘함,1,"주어진 사각형에서 직사각형, 정사각형, 사다리꼴, 평행사변형, 마름모를 대체로 찾고 성질을 말함."
4수03-10,잘함,2,여러 가지 사각형을 대략적으로 구분함.
4수03-10,보통,1,구체적 조작 활동을 통하여 여러 가지 사각형을 조금씩 찾아감.
4수03-10,보통,2,사각형을 종류별로 구분하는 데 도움이 필요함.
4수03-11,매우잘함,1,다각형과 정다각형의 여러 예를 정확하게 제시하고 각 도형의 공통점을 구체적으로 설명함.
4수03-11,매우잘함,2,다각형과 정다각형의 개념을 폭넓게 이해하고 정확하게 구별함.
4수03-11,잘함,1,주어진 도형에서 다각형과 정다각형을 대체로 찾고 그 의미를 말함.
4수03-11,잘함,2,다각형과 정다각형을 대략적으로 구별함.
4수03-11,보통,1,주어진 도형에서 다각형과 정다각형을 조금씩 찾아감.
4수03-11,보통,2,다각형과 정다각형을 찾는 데 도움이 필요함.
4수03-12,매우잘함,1,주어진 도형을 이용하여 여러 가지 모양을 정확하게 만들거나 채우고 그 방법을 구체적으로 설명함.
4수03-12,매우잘함,2,도형의 성질을 폭넓게 활용하여 다양한 모양을 정확하게 구성함.
4수03-12,잘함,1,주어진 도형을 이용하여 모양을 대체로 만들거나 채움.
4수03-12,잘함,2,도형을 이용해 모양을 대략적으로 만듦.
4수03-12,보통,1,안내된 절차에 따라 일부가 제시된 모양의 전체를 조금씩 완성해감.
4수03-12,보통,2,도형으로 모양을 만드는 데 도움이 필요함.
4수03-13,매우잘함,1,1분과 1초의 관계를 이용하여 여러 가지 시각을 정확하게 초 단위까지 읽으며 시계에 나타냄.
4수03-13,매우잘함,2,시간 단위 사이의 관계를 폭넓게 이해하고 초 단위까지 정확하게 읽음.
4수03-13,잘함,1,1분이 60초임을 알고 여러 가지 시각을 대체로 초 단위까지 읽음.
4수03-13,잘함,2,시각을 초 단위까지 대략적으로 읽음.
4수03-13,보통,1,안내된 절차에 따라 주어진 시각을 초 단위까지 조금씩 읽어감.
4수03-13,보통,2,시각을 초 단위까지 읽는 데 도움이 필요함.
4수03-14,매우잘함,1,실생활 문제 상황을 초 단위까지 시간의 덧셈과 뺄셈으로 정확하게 나타내어 계산하고 그 과정을 구체적으로 설명함.
4수03-14,매우잘함,2,시간의 덧셈과 뺄셈 원리를 폭넓게 이해하고 정확하게 계산함.
4수03-14,잘함,1,실생활 문제 상황을 초 단위까지 시간의 덧셈과 뺄셈으로 대체로 나타내어 계산함.
4수03-14,잘함,2,초 단위까지의 시간의 덧셈과 뺄셈을 대략적으로 계산함.
4수03-14,보통,1,안내된 절차에 따라 초 단위까지의 간단한 시간의 덧셈과 뺄셈을 조금씩 계산해감.
4수03-14,보통,2,시간의 덧셈과 뺄셈 계산에 도움이 필요함.
4수03-15,매우잘함,1,"1mm와 1km를 이용하여 여러 가지 길이를 정확하게 측정하거나 어림하고, 실생활 활용 예를 들어 수학의 유용성을 구체적으로 설명함."
4수03-15,매우잘함,2,길이 단위의 쓰임을 폭넓게 이해하고 정확하게 측정함.
4수03-15,잘함,1,1mm와 1km를 이용하여 길이를 대체로 측정하거나 어림하고 수학의 유용성을 인식함.
4수03-15,잘함,2,길이 단위를 대략적으로 이해하여 측정하거나 어림함.
4수03-15,보통,1,안내된 절차에 따라 1mm와 1km를 이용하여 길이를 조금씩 측정해감.
4수03-15,보통,2,길이 단위를 이용해 측정하는 데 도움이 필요함.
4수03-16,매우잘함,1,"길이를 여러 가지 방법으로 정확하게 표현하고, 1cm와 1mm, 1km와 1m의 관계를 구체적으로 설명함."
4수03-16,매우잘함,2,길이 단위 사이의 관계를 폭넓게 이해하고 다양하게 정확히 표현함.
4수03-16,잘함,1,"주어진 길이를 ‘몇 cm 몇 mm’와 ‘몇 mm’, ‘몇 km 몇 m’와 ‘몇 m’로 대체로 표현함."
4수03-16,잘함,2,길이 단위 사이의 관계를 대략적으로 이해하여 표현함.
4수03-16,보통,1,"안내된 절차에 따라 ‘몇 cm’를 ‘몇 mm’로, ‘몇 km’를 ‘몇 m’로 조금씩 표현해감."
4수03-16,보통,2,길이 단위를 서로 바꾸어 표현하는 데 도움이 필요함.
4수03-17,매우잘함,1,"1L와 1mL를 이용하여 여러 가지 들이를 정확하게 측정하거나 어림하고, 실생활 활용 예를 들어 수학의 유용성을 구체적으로 설명함."
4수03-17,매우잘함,2,들이 단위의 쓰임을 폭넓게 이해하고 정확하게 측정함.
4수03-17,잘함,1,1L와 1mL를 이용하여 들이를 대체로 측정하거나 어림하고 수학의 유용성을 인식함.
4수03-17,잘함,2,들이 단위를 대략적으로 이해하여 측정하거나 어림함.
4수03-17,보통,1,안내된 절차에 따라 1L와 1mL를 이용하여 간단한 들이를 조금씩 측정해감.
4수03-17,보통,2,들이 단위를 이용해 측정하는 데 도움이 필요함.
4수03-18,매우잘함,1,"들이를 ‘몇 L 몇 mL’ 또는 ‘몇 mL’로 정확하게 표현하고, 1L와 1mL의 관계를 구체적으로 설명함."
4수03-18,매우잘함,2,들이 단위 사이의 관계를 폭넓게 이해하고 정확하게 표현함.
4수03-18,잘함,1,주어진 들이를 ‘몇 L 몇 mL’와 ‘몇 mL’로 대체로 표현함.
4수03-18,잘함,2,들이 단위 사이의 관계를 대략적으로 이해하여 표현함.
4수03-18,보통,1,"안내된 절차에 따라 ‘몇 L’를 ‘몇 mL’로, ‘몇 mL’를 ‘몇 L’로 조금씩 표현해감."
4수03-18,보통,2,들이 단위를 서로 바꾸어 표현하는 데 도움이 필요함.
4수03-19,매우잘함,1,실생활 문제 상황을 들이의 덧셈과 뺄셈으로 정확하게 나타내어 계산하고 그 과정을 구체적으로 설명함.
4수03-19,매우잘함,2,들이의 덧셈과 뺄셈 원리를 폭넓게 이해하고 정확하게 계산함.
4수03-19,잘함,1,실생활 문제 상황을 들이의 덧셈과 뺄셈으로 대체로 나타내고 계산함.
4수03-19,잘함,2,들이의 덧셈과 뺄셈을 대략적으로 계산함.
4수03-19,보통,1,안내된 절차에 따라 간단한 들이의 덧셈과 뺄셈을 조금씩 계산해감.
4수03-19,보통,2,들이의 덧셈과 뺄셈 계산에 도움이 필요함.
4수03-20,매우잘함,1,"1g과 1kg을 이용하여 여러 가지 무게를 정확하게 측정하거나 어림하고, 실생활 활용 예를 들어 수학의 유용성을 구체적으로 설명함."
4수03-20,매우잘함,2,무게 단위의 쓰임을 폭넓게 이해하고 정확하게 측정함.
4수03-20,잘함,1,1g과 1kg을 이용하여 무게를 대체로 측정하거나 어림하고 수학의 유용성을 인식함.
4수03-20,잘함,2,무게 단위를 대략적으로 이해하여 측정하거나 어림함.
4수03-20,보통,1,안내된 절차에 따라 1g과 1kg을 이용하여 간단한 무게를 조금씩 측정해감.
4수03-20,보통,2,무게 단위를 이용해 측정하는 데 도움이 필요함.
4수03-21,매우잘함,1,"무게를 ‘몇 kg 몇 g’ 또는 ‘몇 g’으로 정확하게 표현하고, 1kg과 1g의 관계를 구체적으로 설명함."
4수03-21,매우잘함,2,무게 단위 사이의 관계를 폭넓게 이해하고 정확하게 표현함.
4수03-21,잘함,1,주어진 무게를 ‘몇 kg 몇 g’과 ‘몇 g’으로 대체로 표현함.
4수03-21,잘함,2,무게 단위 사이의 관계를 대략적으로 이해하여 표현함.
4수03-21,보통,1,"안내된 절차에 따라 ‘몇 kg’을 ‘몇 g’으로, ‘몇 g’을 ‘몇 kg’으로 조금씩 표현해감."
4수03-21,보통,2,무게 단위를 서로 바꾸어 표현하는 데 도움이 필요함.
4수03-22,매우잘함,1,"실생활에서 t를 활용하는 예를 정확하게 찾고, 1t과 1kg의 관계를 이용하여 다양한 무게를 구체적으로 표현함."
4수03-22,매우잘함,2,무게 단위 t의 쓰임을 폭넓게 이해하고 정확하게 활용함.
4수03-22,잘함,1,"1t이 1000kg임을 이용하여 ‘몇 t’을 ‘몇 kg’으로, ‘몇 kg’을 ‘몇 t’으로 대체로 표현함."
4수03-22,잘함,2,t과 kg의 관계를 대략적으로 이해하여 표현함.
4수03-22,보통,1,안내된 절차에 따라 ‘몇 t’을 ‘몇 kg’으로 조금씩 표현해감.
4수03-22,보통,2,t과 kg의 관계를 이해하는 데 도움이 필요함.
4수03-23,매우잘함,1,실생활 문제 상황을 무게의 덧셈과 뺄셈으로 정확하게 나타내어 계산하고 그 과정을 구체적으로 설명함.
4수03-23,매우잘함,2,무게의 덧셈과 뺄셈 원리를 폭넓게 이해하고 정확하게 계산함.
4수03-23,잘함,1,실생활 문제 상황을 무게의 덧셈과 뺄셈으로 대체로 나타내고 계산함.
4수03-23,잘함,2,무게의 덧셈과 뺄셈을 대략적으로 계산함.
4수03-23,보통,1,안내된 절차에 따라 간단한 무게의 덧셈과 뺄셈을 조금씩 계산해감.
4수03-23,보통,2,무게의 덧셈과 뺄셈 계산에 도움이 필요함.
4수03-24,매우잘함,1,각도기를 이용하여 여러 가지 각의 크기를 정확하게 측정하거나 어림하고 그 방법을 구체적으로 설명함.
4수03-24,매우잘함,2,각의 크기 단위인 1도(°)의 의미를 폭넓게 이해하고 정확하게 측정함.
4수03-24,잘함,1,각도기를 이용하여 주어진 각의 크기를 대체로 측정하거나 어림함.
4수03-24,잘함,2,1도(°)의 의미를 대략적으로 이해하여 각의 크기를 측정함.
4수03-24,보통,1,안내된 절차에 따라 각도기를 이용하여 간단한 각의 크기를 조금씩 측정해감.
4수03-24,보통,2,각도기로 각의 크기를 측정하는 데 도움이 필요함.
4수03-25,매우잘함,1,여러 가지 방법으로 삼각형과 사각형의 내각의 크기의 합을 정확하게 추론하고 그 방법을 구체적으로 설명함.
4수03-25,매우잘함,2,내각의 크기의 합에 대한 성질을 폭넓게 탐구하여 정확하게 설명함.
4수03-25,잘함,1,"구체물이나 그림을 이용하여 삼각형과 사각형의 내각의 크기의 합이 각각 180°, 360°임을 대체로 설명함."
4수03-25,잘함,2,삼각형과 사각형의 내각의 합을 대략적으로 이해하여 말함.
4수03-25,보통,1,"삼각형과 사각형의 내각의 크기의 합이 각각 180°, 360°임을 조금씩 알아감."
4수03-25,보통,2,내각의 크기의 합을 이해하는 데 도움이 필요함.
4수04-01,매우잘함,1,실생활 자료를 수집하여 그림그래프나 막대그래프로 정확하게 나타내고 그래프를 구체적으로 해석함.
4수04-01,매우잘함,2,자료를 그래프로 나타내는 방법을 폭넓게 이해하고 정확하게 해석함.
4수04-01,잘함,1,주어진 자료를 그림그래프나 막대그래프로 대체로 나타내고 여러 사실을 찾음.
4수04-01,잘함,2,그림그래프나 막대그래프를 대략적으로 해석함.
4수04-01,보통,1,안내된 절차에 따라 일부가 제시된 그래프를 조금씩 완성해감.
4수04-01,보통,2,그래프에서 간단한 사실을 찾는 데 도움이 필요함.
4수04-02,매우잘함,1,실생활 자료를 수집하여 꺾은선그래프로 정확하게 나타내고 그래프를 구체적으로 해석함.
4수04-02,매우잘함,2,꺾은선그래프로 나타내는 방법을 폭넓게 이해하고 정확하게 해석함.
4수04-02,잘함,1,주어진 자료를 꺾은선그래프로 대체로 나타내고 여러 사실을 찾음.
4수04-02,잘함,2,꺾은선그래프를 대략적으로 해석함.
4수04-02,보통,1,안내된 절차에 따라 일부가 제시된 꺾은선그래프를 조금씩 완성해감.
4수04-02,보통,2,꺾은선그래프에서 간단한 사실을 찾는 데 도움이 필요함.
4수04-03,매우잘함,1,"탐구 문제를 해결하기 위해 자료를 수집, 정리하여 막대그래프나 꺾은선그래프로 정확하게 나타내고 그 그래프를 구체적으로 해석함."
4수04-03,매우잘함,2,"탐구 목적에 맞게 자료를 폭넓게 수집, 정리하여 정확하게 그래프로 표현함."
4수04-03,잘함,1,자료를 정리하여 막대그래프나 꺾은선그래프로 대체로 나타내고 여러 사실을 찾음.
4수04-03,잘함,2,자료를 수집·정리하여 그래프로 대략적으로 나타냄.
4수04-03,보통,1,안내된 절차에 따라 주어진 자료를 막대그래프나 꺾은선그래프로 조금씩 나타내어감.
4수04-03,보통,2,자료를 정리하여 그래프로 나타내는 데 도움이 필요함.
4영01-01,매우잘함,1,알파벳과 쉽고 간단한 단어의 소리를 듣고 정확하게 식별함.
4영01-01,매우잘함,2,알파벳과 쉽고 간단한 단어의 소리를 듣고 그 차이를 정확히 구별해 냄.
4영01-01,잘함,1,알파벳과 쉽고 간단한 단어의 소리를 듣고 대체로 식별함.
4영01-01,잘함,2,알파벳과 쉽고 간단한 단어의 소리를 듣고 대부분 구별함.
4영01-01,보통,1,알파벳과 쉽고 간단한 단어의 소리를 반복하여 듣고 조금씩 식별해 감.
4영01-01,보통,2,알파벳과 쉽고 간단한 단어의 소리를 듣고 부분적으로 식별하려고 노력함.
4영01-02,매우잘함,1,알파벳 대소문자를 식별하여 정확하게 읽음.
4영01-02,매우잘함,2,알파벳 대소문자를 정확히 구별하여 읽어 냄.
4영01-02,잘함,1,알파벳 대소문자를 식별하여 대체로 읽음.
4영01-02,잘함,2,알파벳 대소문자를 대부분 구별하여 읽음.
4영01-02,보통,1,알파벳 대소문자를 식별하여 조금씩 읽어 감.
4영01-02,보통,2,알파벳 대소문자를 부분적으로 식별하여 읽으려고 노력함.
4영01-03,매우잘함,1,"쉽고 간단한 단어, 어구, 문장을 듣고 강세, 리듬, 억양을 정확하게 식별함."
4영01-03,매우잘함,2,"단어, 어구, 문장의 강세, 리듬, 억양을 듣고 정확히 구별해 냄."
4영01-03,잘함,1,"쉽고 간단한 단어, 어구, 문장을 듣고 강세, 리듬, 억양을 대체로 식별함."
4영01-03,잘함,2,"단어, 어구, 문장의 강세, 리듬, 억양을 대략적으로 구별함."
4영01-03,보통,1,"쉽고 간단한 단어, 어구, 문장을 반복하여 듣고 강세, 리듬, 억양을 조금씩 식별해 감."
4영01-03,보통,2,"단어, 어구, 문장의 강세, 리듬, 억양을 부분적으로 식별하려고 노력함."
4영01-04,매우잘함,1,"소리와 철자의 관계를 이해하며 쉽고 간단한 단어, 어구, 문장을 정확하게 소리 내어 읽음."
4영01-04,매우잘함,2,"소리와 철자의 관계를 정확히 이해하고 단어, 어구, 문장을 또렷하게 소리 내어 읽어 냄."
4영01-04,잘함,1,"소리와 철자의 관계를 이해하며 쉽고 간단한 단어, 어구, 문장을 대체로 소리 내어 읽음."
4영01-04,잘함,2,"소리와 철자의 관계를 대체로 이해하고 단어, 어구, 문장을 대략적으로 소리 내어 읽음."
4영01-04,보통,1,"소리와 철자의 관계를 이해해 가며 쉽고 간단한 단어, 어구, 문장을 부분적으로 소리 내어 읽음."
4영01-04,보통,2,"소리와 철자의 관계를 이해하고 단어, 어구, 문장을 소리 내어 읽으려고 노력함."
4영01-05,매우잘함,1,"쉽고 간단한 단어, 어구, 문장을 듣거나 읽고 의미를 정확하게 이해함."
4영01-05,매우잘함,2,"단어, 어구, 문장을 듣거나 읽고 그 의미를 정확히 파악해 냄."
4영01-05,잘함,1,"쉽고 간단한 단어, 어구, 문장을 듣거나 읽고 의미를 대체로 이해함."
4영01-05,잘함,2,"단어, 어구, 문장을 듣거나 읽고 의미를 대략적으로 파악함."
4영01-05,보통,1,"쉽고 간단한 단어, 어구, 문장을 반복하여 듣거나 읽고 의미를 부분적으로 이해해 감."
4영01-05,보통,2,"단어, 어구, 문장의 의미를 시각 자료 등의 도움을 받아 이해하려고 노력함."
4영01-06,매우잘함,1,"자기 주변 주제에 관한 담화를 듣거나 읽고 모습, 크기, 색깔, 인물, 장소, 시간 등의 주요 정보를 정확하게 파악함."
4영01-06,매우잘함,2,주변 주제에 관한 담화의 주요 정보를 정확히 짚어 내어 파악함.
4영01-06,잘함,1,자기 주변 주제에 관한 담화를 듣거나 읽고 주요 정보를 대체로 파악함.
4영01-06,잘함,2,"주변 주제에 관한 담화의 모습, 인물, 장소 등 주요 정보를 대략적으로 파악함."
4영01-06,보통,1,자기 주변 주제에 관한 담화를 반복하여 듣거나 읽고 주요 정보를 시각 자료 등의 도움을 받아 부분적으로 파악해 감.
4영01-06,보통,2,주변 주제에 관한 담화의 주요 정보를 부분적으로 파악하려고 노력함.
4영01-07,매우잘함,1,적절한 전략을 다양하게 활용하여 담화나 문장을 정확하게 듣거나 읽음.
4영01-07,매우잘함,2,여러 가지 전략을 폭넓게 활용하여 담화나 문장을 능숙하게 듣거나 읽어 냄.
4영01-07,잘함,1,적절한 전략을 일부 활용하여 담화나 문장을 대체로 듣거나 읽음.
4영01-07,잘함,2,전략을 어느 정도 활용하여 담화나 문장을 대략적으로 듣거나 읽음.
4영01-07,보통,1,예시를 참고하여 전략을 일부 활용해 담화나 문장을 조금씩 듣거나 읽어 감.
4영01-07,보통,2,담화나 문장을 듣거나 읽는 데 적절한 전략을 활용하려고 노력함.
4영01-08,매우잘함,1,다양한 매체로 표현된 담화나 문장을 높은 흥미를 가지고 스스로 찾아 듣거나 읽음.
4영01-08,매우잘함,2,여러 매체 속 담화나 문장을 적극적인 흥미를 가지고 즐겨 듣거나 읽음.
4영01-08,잘함,1,다양한 매체로 표현된 담화나 문장을 대체로 흥미를 가지고 듣거나 읽음.
4영01-08,잘함,2,매체 속 담화나 문장에 대체로 관심을 가지고 듣거나 읽음.
4영01-08,보통,1,다양한 매체로 표현된 담화나 문장에 흥미를 가지려고 노력하며 듣거나 읽음.
4영01-08,보통,2,매체 속 담화나 문장에 조금씩 관심을 가지고 들어 봄.
4영01-09,매우잘함,1,"시, 노래, 이야기를 스스로 찾아 들으며 화자의 기쁨, 슬픔 등의 감정을 정확하게 느끼고 적극적으로 공감하는 태도를 보임."
4영01-09,매우잘함,2,"시, 노래, 이야기 속 화자의 감정을 깊이 느끼며 적극적으로 공감함."
4영01-09,잘함,1,"시, 노래, 이야기를 들으며 화자의 기쁨, 슬픔 등의 감정을 느끼고 대체로 공감하는 태도를 보임."
4영01-09,잘함,2,"시, 노래, 이야기 속 화자의 감정을 느끼고 대체로 공감함."
4영01-09,보통,1,"시, 노래, 이야기를 들으며 화자의 감정을 느끼고 공감하는 태도를 가지려고 노력함."
4영01-09,보통,2,"시, 노래, 이야기 속 화자의 감정에 조금씩 공감해 감."
4영01-10,매우잘함,1,자기 주변 주제나 문화에 관한 담화나 문장을 듣거나 읽을 때 다양한 생각을 존중하는 적극적인 태도를 보임.
4영01-10,매우잘함,2,주변 문화에 관한 담화나 문장을 듣거나 읽으며 다양한 생각을 폭넓게 존중함.
4영01-10,잘함,1,자기 주변 주제나 문화에 관한 담화나 문장을 듣거나 읽을 때 다양한 생각을 대체로 존중하는 태도를 보임.
4영01-10,잘함,2,주변 문화에 관한 담화나 문장을 듣거나 읽으며 다양한 생각을 대체로 존중함.
4영01-10,보통,1,자기 주변 주제나 문화에 관한 담화나 문장을 듣거나 읽을 때 다양한 생각을 존중하는 태도를 가지려고 노력함.
4영01-10,보통,2,주변 문화에 관한 담화나 문장을 듣거나 읽으며 다양한 생각을 존중해 가려고 함.
4영02-01,매우잘함,1,"쉽고 간단한 단어, 어구, 문장을 듣고 강세, 리듬, 억양에 맞게 정확하게 따라 말함."
4영02-01,매우잘함,2,"단어, 어구, 문장의 강세, 리듬, 억양을 정확히 살려 또렷하게 따라 말함."
4영02-01,잘함,1,"쉽고 간단한 단어, 어구, 문장을 듣고 강세, 리듬, 억양에 맞게 대체로 따라 말함."
4영02-01,잘함,2,"단어, 어구, 문장의 강세, 리듬, 억양을 대략적으로 살려 따라 말함."
4영02-01,보통,1,"쉽고 간단한 단어, 어구, 문장을 반복하여 듣고 강세, 리듬, 억양에 맞게 부분적으로 따라 말해 봄."
4영02-01,보통,2,"단어, 어구, 문장의 강세, 리듬, 억양을 살려 따라 말하려고 노력함."
4영02-02,매우잘함,1,알파벳 대소 문자를 구별하여 정확하게 씀.
4영02-02,매우잘함,2,알파벳 대소 문자를 정확히 구별하여 또박또박 써냄.
4영02-02,잘함,1,알파벳 대소 문자를 구별하여 대체로 씀.
4영02-02,잘함,2,알파벳 대소 문자를 대부분 구별하여 씀.
4영02-02,보통,1,알파벳 대소 문자를 구별하여 부분적으로 써 감.
4영02-02,보통,2,알파벳 대소 문자를 구별하여 쓰려고 노력함.
4영02-03,매우잘함,1,소리와 철자의 관계를 바탕으로 쉽고 간단한 단어를 정확하게 씀.
4영02-03,매우잘함,2,소리와 철자의 관계를 정확히 적용하여 단어를 능숙하게 써냄.
4영02-03,잘함,1,소리와 철자의 관계를 바탕으로 쉽고 간단한 단어를 대체로 씀.
4영02-03,잘함,2,소리와 철자의 관계를 대체로 적용하여 단어를 씀.
4영02-03,보통,1,소리와 철자의 관계를 바탕으로 쉽고 간단한 단어를 부분적으로 써 감.
4영02-03,보통,2,소리와 철자의 관계를 바탕으로 단어를 쓰려고 노력함.
4영02-04,매우잘함,1,"실물, 그림, 동작 등을 보고 적절한 단어와 언어 형식을 사용하여 쉽고 간단한 문장으로 정확하게 말하거나 단어나 어구를 정확하게 씀."
4영02-04,매우잘함,2,"실물, 그림, 동작 등을 보고 알맞은 표현을 사용하여 문장을 정확하게 말하거나 단어와 어구를 정확하게 써냄."
4영02-04,잘함,1,"실물, 그림, 동작 등을 보고 적절한 단어를 사용하여 쉽고 간단한 문장으로 대체로 말하거나 단어나 어구를 대체로 씀."
4영02-04,잘함,2,"실물, 그림, 동작 등을 보고 알맞은 표현을 대체로 사용하여 문장을 말하거나 단어와 어구를 씀."
4영02-04,보통,1,"실물, 그림, 동작 등을 보고 주어진 단어를 사용하여 쉽고 간단한 문장으로 부분적으로 말하거나 단어나 어구를 부분적으로 써 감."
4영02-04,보통,2,"실물, 그림, 동작 등을 보고 문장으로 말하거나 단어와 어구를 쓰려고 노력함."
4영02-05,매우잘함,1,"자신, 주변 사람이나 사물을 소개 또는 묘사하는 말을 적절한 단어와 언어 형식을 사용하여 쉽고 간단한 문장으로 정확하게 말하거나 제시된 문장을 정확하게 보고 씀."
4영02-05,매우잘함,2,"자신이나 주변 사람, 사물을 소개하고 묘사하는 문장을 정확한 표현으로 능숙하게 말하거나 보고 씀."
4영02-05,잘함,1,"자신, 주변 사람이나 사물을 소개 또는 묘사하는 말을 적절한 단어를 사용하여 쉽고 간단한 문장으로 대체로 말하거나 제시된 문장을 대체로 보고 씀."
4영02-05,잘함,2,"자신이나 주변 사람, 사물을 소개하고 묘사하는 문장을 대체로 말하거나 보고 씀."
4영02-05,보통,1,"자신, 주변 사람이나 사물을 소개 또는 묘사하는 말을 도움 자료를 참고하여 쉽고 간단한 문장으로 부분적으로 말하거나 제시된 문장을 부분적으로 보고 써 감."
4영02-05,보통,2,"자신이나 주변 사람, 사물을 소개하고 묘사하는 문장을 말하거나 보고 쓰려고 노력함."
4영02-06,매우잘함,1,행동을 지시하는 말을 적절한 단어와 언어 형식을 사용하여 쉽고 간단한 문장으로 정확하게 말하거나 제시된 문장을 정확하게 보고 씀.
4영02-06,매우잘함,2,행동 지시 표현을 정확한 단어와 형식으로 능숙하게 말하거나 보고 씀.
4영02-06,잘함,1,행동을 지시하는 말을 적절한 단어를 사용하여 쉽고 간단한 문장으로 대체로 말하거나 제시된 문장을 대체로 보고 씀.
4영02-06,잘함,2,행동 지시 표현을 대체로 말하거나 보고 씀.
4영02-06,보통,1,도움 자료를 활용하여 행동을 지시하는 말을 쉽고 간단한 문장으로 부분적으로 말하거나 제시된 문장을 부분적으로 보고 써 감.
4영02-06,보통,2,행동 지시 표현을 말하거나 보고 쓰려고 노력함.
4영02-07,매우잘함,1,자신의 감정을 적절한 단어와 언어 형식을 사용하여 쉽고 간단한 문장으로 정확하게 말하거나 제시된 문장을 정확하게 보고 씀.
4영02-07,매우잘함,2,자신의 감정을 정확한 표현을 사용하여 구체적으로 말하거나 보고 씀.
4영02-07,잘함,1,자신의 감정을 적절한 단어를 사용하여 쉽고 간단한 문장으로 대체로 말하거나 제시된 문장을 대체로 보고 씀.
4영02-07,잘함,2,자신의 감정을 대체로 알맞은 표현으로 말하거나 보고 씀.
4영02-07,보통,1,도움 자료를 활용하여 자신의 감정을 쉽고 간단한 문장으로 부분적으로 말하거나 제시된 문장을 부분적으로 보고 써 감.
4영02-07,보통,2,자신의 감정을 문장으로 말하거나 보고 쓰려고 노력함.
4영02-08,매우잘함,1,자기 주변 주제에 관한 담화의 주요 정보를 적절한 단어와 언어 형식에 맞게 정확하게 묻거나 답함.
4영02-08,매우잘함,2,주변 주제에 관한 담화의 주요 정보를 정확한 표현으로 능숙하게 묻고 답함.
4영02-08,잘함,1,자기 주변 주제에 관한 담화의 주요 정보를 적절한 단어를 사용하여 대체로 묻거나 답함.
4영02-08,잘함,2,주변 주제에 관한 담화의 주요 정보를 대체로 묻고 답함.
4영02-08,보통,1,자기 주변 주제에 관한 담화의 주요 정보를 주어진 단어를 참고하여 부분적으로 묻거나 답해 봄.
4영02-08,보통,2,주변 주제에 관한 담화의 주요 정보를 묻거나 답하려고 노력함.
4영02-09,매우잘함,1,적절한 매체나 전략을 다양하게 활용하여 창의적으로 의미를 정확하게 표현함.
4영02-09,매우잘함,2,여러 매체와 전략을 폭넓게 활용하여 창의적이고 구체적으로 의미를 표현해 냄.
4영02-09,잘함,1,적절한 매체나 전략을 일부 활용하여 창의적으로 의미를 대체로 표현함.
4영02-09,잘함,2,매체와 전략을 어느 정도 활용하여 창의적으로 의미를 표현함.
4영02-09,보통,1,예시를 참고하여 매체나 전략을 일부 활용해 창의적으로 의미를 표현해 감.
4영02-09,보통,2,적절한 매체나 전략을 활용하여 의미를 표현하려고 노력함.
4영02-10,매우잘함,1,의사소통 활동에 높은 흥미와 자신감을 가지고 상대방을 배려하고 차례를 지키며 대화에 적극적으로 참여함.
4영02-10,매우잘함,2,의사소통 활동에 자신감 있게 참여하며 상대를 배려하고 대화 예절을 폭넓게 지킴.
4영02-10,잘함,1,의사소통 활동에 대체로 흥미와 자신감을 가지고 상대방을 배려하고 차례를 지키며 대화에 참여하는 태도를 보임.
4영02-10,잘함,2,의사소통 활동에 대체로 자신감을 가지고 대화 예절을 지키며 참여함.
4영02-10,보통,1,의사소통 활동에 일부 흥미와 자신감을 가지고 상대방을 배려하고 차례를 지키며 참여하려고 노력함.
4영02-10,보통,2,의사소통 활동에 조금씩 자신감을 가지고 대화 예절을 지키며 참여해 감.
4음01-01,매우잘함,1,바른 자세와 주법을 정확히 이해하여 자연스럽고 안정적으로 노래를 부르거나 악기를 연주함.
4음01-01,매우잘함,2,바른 자세와 주법을 충분히 익혀 다양한 상황에서 자연스럽게 노래하거나 악기로 연주하는 모습을 보임.
4음01-01,잘함,1,바른 자세와 주법을 대체로 이해하여 노래를 부르거나 악기로 연주함.
4음01-01,잘함,2,바른 자세와 주법을 대략적으로 익혀 큰 어려움 없이 노래하거나 악기로 연주함.
4음01-01,보통,1,바른 자세와 주법을 조금씩 익히며 노래를 부르거나 악기로 연주해감.
4음01-01,보통,2,바른 자세와 주법을 부분적으로 이해하며 노래하거나 악기로 연주하려고 노력함.
4음01-02,매우잘함,1,"기초적인 음악 요소를 정확히 이해하여 그 특징을 잘 살려 노래하거나 악기로 연주하고, 연주에 대한 느낌을 구체적으로 이야기함."
4음01-02,매우잘함,2,"기초적인 음악 요소를 폭넓게 이해하고 그 특징을 살려 연주하며, 연주를 통해 알게 된 점과 느낌을 명확하게 표현함."
4음01-02,잘함,1,기초적인 음악 요소를 대체로 이해하여 그 특징을 살려 노래하거나 악기로 연주하고 느낌을 이야기함.
4음01-02,잘함,2,기초적인 음악 요소를 대략적으로 이해하고 연주에 반영하며 자신의 느낌을 이야기함.
4음01-02,보통,1,기초적인 음악 요소를 조금씩 이해하며 그 특징을 일부 살려 노래하거나 연주함.
4음01-02,보통,2,기초적인 음악 요소를 부분적으로 이해하고 느낌을 이야기하려고 노력함.
4음01-03,매우잘함,1,노래와 악기 연주의 특성을 정확히 이해하여 악곡에 어울리는 신체표현이나 놀이를 적극적인 태도로 즐김.
4음01-03,매우잘함,2,노래와 악기 연주의 특성을 충분히 파악하고 악곡에 맞는 신체표현이나 놀이를 자발적으로 즐기는 모습을 보임.
4음01-03,잘함,1,노래와 악기 연주의 특성을 대체로 이해하여 악곡에 어울리는 신체표현이나 놀이를 하며 음악을 즐김.
4음01-03,잘함,2,노래와 악기 연주의 특성을 대략적으로 파악하고 신체표현이나 놀이를 통해 음악을 즐김.
4음01-03,보통,1,노래와 악기 연주의 특성을 조금씩 이해하며 신체표현이나 놀이를 해감.
4음01-03,보통,2,노래와 악기 연주의 특성을 부분적으로 이해하고 신체표현이나 놀이를 하며 음악을 즐기려고 노력함.
4음01-04,매우잘함,1,생활 속의 음악을 정확히 이해하여 폭넓게 경험하며 연주 활동에 적극적으로 참여함.
4음01-04,매우잘함,2,생활 속 음악을 구체적으로 이해하고 다양한 연주 활동에 관심을 갖고 열심히 참여하는 모습을 보임.
4음01-04,잘함,1,생활 속의 음악을 대체로 이해하며 연주 활동에 관심을 갖고 참여함.
4음01-04,잘함,2,생활 속 음악을 대략적으로 경험하며 연주 활동에 꾸준히 참여함.
4음01-04,보통,1,생활 속의 음악을 조금씩 이해하며 연주 활동에 참여해감.
4음01-04,보통,2,생활 속 음악을 부분적으로 경험하며 연주 활동에 참여하려고 노력함.
4음02-01,매우잘함,1,음악을 듣고 기초적인 음악 요소를 적극적으로 탐색하며 요소의 특성에 따라 정확하게 반응함.
4음02-01,매우잘함,2,음악을 들으며 기초적인 음악 요소를 폭넓게 탐색하고 그 특성에 알맞게 반응하는 모습을 보임.
4음02-01,잘함,1,음악을 듣고 기초적인 음악 요소를 탐색하며 특성에 따라 반응함.
4음02-01,잘함,2,음악을 들으며 기초적인 음악 요소를 대체로 탐색하고 그에 맞게 반응함.
4음02-01,보통,1,음악을 들으며 기초적인 음악 요소를 조금씩 탐색해감.
4음02-01,보통,2,음악을 듣고 기초적인 음악 요소에 반응하려고 노력함.
4음02-02,매우잘함,1,다양한 음악을 듣고 종류나 주제에 따른 음악적 특징을 발견하여 종합적으로 구체적으로 이야기함.
4음02-02,매우잘함,2,다양한 음악을 폭넓게 듣고 음악적 특징을 정확히 발견하여 서로 연관지어 구체적으로 설명함.
4음02-02,잘함,1,다양한 음악을 듣고 종류나 주제에 따른 음악적 특징을 발견하여 연관지어 이야기함.
4음02-02,잘함,2,다양한 음악을 듣고 음악적 특징을 대체로 발견하여 이야기함.
4음02-02,보통,1,다양한 음악을 들으며 음악적 특징을 조금씩 발견해감.
4음02-02,보통,2,다양한 음악을 듣고 음악적 특징을 부분적으로 발견하여 이야기하려고 노력함.
4음02-03,매우잘함,1,다양한 종류의 음악을 듣고 주어진 조건에 따라 음악의 분위기를 구체적으로 묘사하거나 쓰임을 정확하게 이야기함.
4음02-03,매우잘함,2,여러 종류의 음악을 듣고 분위기를 세밀하게 묘사하며 쓰임을 명확하게 설명함.
4음02-03,잘함,1,다양한 종류의 음악을 듣고 주어진 조건에 따라 음악의 분위기를 묘사하거나 쓰임을 이야기함.
4음02-03,잘함,2,여러 종류의 음악을 듣고 분위기를 대체로 묘사하거나 쓰임을 이야기함.
4음02-03,보통,1,다양한 종류의 음악을 들으며 분위기를 조금씩 묘사해감.
4음02-03,보통,2,음악을 듣고 분위기를 간단하게 묘사하거나 쓰임을 이야기하려고 노력함.
4음02-04,매우잘함,1,생활 속에서 호기심을 갖고 다양한 음악을 들으며 친숙하게 느끼고 적극적으로 즐김.
4음02-04,매우잘함,2,생활 속 음악에 대해 폭넓은 호기심을 가지고 들으며 그 느낌을 적극적으로 즐기는 모습을 보임.
4음02-04,잘함,1,생활 속에서 호기심을 갖고 음악을 들으며 친숙하게 느끼고 즐김.
4음02-04,잘함,2,생활 속 음악을 대체로 관심 있게 들으며 그 느낌을 즐김.
4음02-04,보통,1,생활 속에서 음악을 조금씩 들으며 느낌을 가져감.
4음02-04,보통,2,생활 속에서 음악을 듣고 느끼며 즐기려고 노력함.
4음02-05,매우잘함,1,우리 지역의 음악 문화유산을 적극적으로 찾아 들으며 이를 충분히 이해하여 국악을 즐기는 태도를 갖춤.
4음02-05,매우잘함,2,우리 지역의 음악 문화유산을 폭넓게 탐색하여 깊이 이해하고 국악을 즐기는 태도를 적극적으로 나타냄.
4음02-05,잘함,1,우리 지역의 음악 문화유산을 찾아 들으며 이를 이해하여 국악을 즐기는 태도를 갖춤.
4음02-05,잘함,2,우리 지역의 음악 문화유산을 대체로 이해하고 들으며 국악을 즐기는 태도를 나타냄.
4음02-05,보통,1,우리 지역의 음악 문화유산을 조금씩 찾아 들으며 이해해감.
4음02-05,보통,2,우리 지역의 음악 문화유산을 부분적으로 이해하며 국악을 즐기는 태도를 가지려 노력함.
4음03-01,매우잘함,1,경험에 관련된 느낌과 상상한 바를 어울리는 소리나 음악으로 즉흥적으로 표현하며 적극적으로 음악에 흥미를 나타냄.
4음03-01,매우잘함,2,자신의 느낌과 상상을 소리나 음악으로 즉흥적이고 창의적으로 표현하며 음악 활동에 적극적인 흥미를 보임.
4음03-01,잘함,1,경험에 관련된 느낌과 상상한 바를 소리나 음악으로 즉흥적으로 표현하며 음악에 흥미를 가짐.
4음03-01,잘함,2,자신의 느낌과 상상을 소리나 음악으로 즉흥적으로 표현하며 음악 활동에 흥미를 나타냄.
4음03-01,보통,1,느낌과 상상을 소리나 음악으로 표현하는 데 조금씩 관심을 가져감.
4음03-01,보통,2,느낌과 상상을 소리나 음악으로 표현하는 데 관심을 보이며 음악에 흥미를 가지려고 노력함.
4음03-02,매우잘함,1,"악곡의 특성을 충분히 이해하여 일부를 창의적으로 바꾸어 표현하고, 음표·기호·숫자 등을 적절히 활용하여 간단한 악보로 정확하게 나타냄."
4음03-02,매우잘함,2,악곡의 특성을 정확히 파악하여 그 일부를 능숙하게 바꾸어 표현하며 간단한 악보로 구체적으로 나타냄.
4음03-02,잘함,1,악곡의 특성을 이해하여 일부를 바꾸어 표현하고 음표·기호·숫자 등을 활용하여 간단한 악보로 나타냄.
4음03-02,잘함,2,악곡의 특성을 대체로 파악하여 일부를 바꾸어 표현하며 간단한 악보로 나타냄.
4음03-02,보통,1,악곡의 특성을 조금씩 이해하며 일부를 바꾸어 표현해감.
4음03-02,보통,2,악곡의 일부를 바꾸어 표현하고 음표·기호·숫자 등을 일부 활용하여 간단한 악보로 나타내려고 노력함.
4음03-03,매우잘함,1,기초적인 음악 요소를 적절하게 활용하여 그 특징이 잘 나타나도록 소리나 음악으로 창의적으로 표현함.
4음03-03,매우잘함,2,기초적인 음악 요소를 정확히 파악하여 특징이 뚜렷이 드러나도록 소리나 음악으로 독창적으로 표현함.
4음03-03,잘함,1,기초적인 음악 요소를 활용하여 그 특징이 나타나도록 소리나 음악으로 표현함.
4음03-03,잘함,2,기초적인 음악 요소를 대체로 활용하여 소리나 음악으로 표현함.
4음03-03,보통,1,기초적인 음악 요소를 조금씩 활용하며 소리나 음악으로 표현해감.
4음03-03,보통,2,기초적인 음악 요소를 활용하여 소리나 음악으로 표현하려고 노력함.
4음03-04,매우잘함,1,생활 주변의 소리나 장면의 특징을 살려 실감나게 모방하며 새로운 음악적 표현을 적극적으로 즐기는 태도를 보임.
4음03-04,매우잘함,2,생활 주변의 소리나 장면을 특징이 잘 드러나도록 생생하게 모방하며 새로운 음악적 표현을 적극적으로 즐김.
4음03-04,잘함,1,생활 주변의 소리나 장면의 특징을 살려 모방하며 새로운 음악적 표현을 즐기는 태도를 가짐.
4음03-04,잘함,2,생활 주변의 소리나 장면을 대체로 특징을 살려 모방하며 새로운 음악적 표현을 즐김.
4음03-04,보통,1,생활 주변의 소리나 장면을 조금씩 모방하며 새로운 표현을 즐겨감.
4음03-04,보통,2,생활 주변의 소리나 장면을 모방하며 새로운 음악적 표현을 즐기려고 노력함.
4체01-01,매우잘함,1,운동이 신체 변화와 체력 증진에 미치는 영향을 정확히 이해하고 구체적인 사례를 들어 설명함.
4체01-01,매우잘함,2,운동과 체력의 관계를 폭넓게 파악하고 신체 변화와 체력 증진의 사례를 구체적으로 제시함.
4체01-01,잘함,1,운동이 신체 변화와 체력 증진에 미치는 영향을 대체로 이해하고 관련 사례를 설명함.
4체01-01,잘함,2,운동과 체력의 관계를 대략적으로 파악하고 일부 사례를 들어 설명함.
4체01-01,보통,1,운동과 체력의 관계를 조금씩 이해해감.
4체01-01,보통,2,운동이 신체 변화와 체력 증진에 미치는 영향을 부분적으로 파악하려고 노력함.
4체01-02,매우잘함,1,체력 증진을 위한 기본 운동 방법과 절차를 정확히 익혀 수행하고 자신의 신체 특성과 체력 수준에 맞는 다양한 운동을 시도함.
4체01-02,매우잘함,2,기본 체력 운동의 방법과 절차를 구체적으로 파악하여 수행하고 자신에게 맞는 운동을 폭넓게 시도함.
4체01-02,잘함,1,기본 체력 운동의 방법과 절차를 대체로 익혀 수행하고 자신의 수준에 맞는 운동을 시도함.
4체01-02,잘함,2,체력 증진을 위한 운동 방법을 대략적으로 익히고 자신의 신체 특성에 맞는 운동을 시도함.
4체01-02,보통,1,기본 체력 운동의 방법과 절차를 조금씩 익혀감.
4체01-02,보통,2,자신의 수준에 맞는 운동을 시도하려고 노력함.
4체01-03,매우잘함,1,건강의 의미와 운동이 건강 유지·증진에 미치는 영향을 정확히 이해하고 운동의 필요성을 다양한 사례로 구체적으로 설명함.
4체01-03,매우잘함,2,운동과 건강의 관계를 폭넓게 파악하고 운동의 필요성을 구체적인 사례를 들어 제시함.
4체01-03,잘함,1,건강의 의미와 운동이 건강에 미치는 영향을 대체로 이해하고 운동의 필요성을 일부 사례로 설명함.
4체01-03,잘함,2,운동과 건강의 관계를 대략적으로 파악하고 필요성을 일부 설명함.
4체01-03,보통,1,운동과 건강의 관계를 조금씩 이해해감.
4체01-03,보통,2,운동의 필요성을 부분적으로 파악하려고 노력함.
4체01-04,매우잘함,1,건강한 생활 습관의 필요성과 실천 방법을 정확히 이해하고 일상생활 전반에서 규칙적으로 실천함.
4체01-04,매우잘함,2,바른 생활 습관의 필요성을 구체적으로 이해하고 생활 속에서 폭넓게 실천함.
4체01-04,잘함,1,건강한 생활 습관의 필요성과 실천 방법을 대체로 이해하고 일상생활에서 일부 규칙적으로 실천함.
4체01-04,잘함,2,바른 생활 습관을 대략적으로 이해하고 일상생활에서 실천하려고 함.
4체01-04,보통,1,건강한 생활 습관의 필요성을 조금씩 이해해감.
4체01-04,보통,2,바른 생활 습관을 실천하려고 노력함.
4체01-05,매우잘함,1,자신의 체격·체형·체력적 특징 전반을 긍정적으로 인식하고 이를 종합적으로 고려한 운동 계획을 구체적으로 세워 안전하게 활동함.
4체01-05,매우잘함,2,자신의 신체적 특징을 정확히 인식하고 이를 폭넓게 반영한 운동 계획을 세워 안전하게 실천함.
4체01-05,잘함,1,자신의 신체적 특징 중 일부를 긍정적으로 인식하고 이를 부분적으로 고려한 운동 계획을 세워 안전하게 활동함.
4체01-05,잘함,2,자신의 체격·체형·체력적 특징을 대략적으로 인식하고 운동 계획을 세워 활동함.
4체01-05,보통,1,자신의 신체적 특징을 조금씩 인식해감.
4체01-05,보통,2,운동 계획을 세워 안전하게 활동하려고 노력함.
4체01-06,매우잘함,1,운동과 건강한 생활 습관 형성에 꾸준히 관심을 갖고 일상생활 전반에서 적극적으로 실천함.
4체01-06,매우잘함,2,운동과 건강한 생활 습관에 지속적인 관심을 갖고 생활 전반에서 폭넓게 실천함.
4체01-06,잘함,1,운동과 건강한 생활 습관 형성에 꾸준히 관심을 갖고 일상생활에서 일부 실천함.
4체01-06,잘함,2,건강한 생활 습관 형성에 대체로 관심을 갖고 일부 실천함.
4체01-06,보통,1,운동과 건강한 생활 습관 형성에 간헐적으로 관심을 갖고 실천해감.
4체01-06,보통,2,건강한 생활 습관을 실천하려고 조금씩 노력함.
4체02-01,매우잘함,1,스포츠의 의미와 유형을 정확히 알고 기술형·전략형·생태형 스포츠의 특성을 예를 들어 구체적으로 설명함.
4체02-01,매우잘함,2,스포츠의 의미와 유형을 폭넓게 이해하고 각 유형별 특성을 구체적인 사례로 설명함.
4체02-01,잘함,1,스포츠의 의미와 유형을 대체로 알고 기술형·전략형·생태형 스포츠의 특성을 설명함.
4체02-01,잘함,2,스포츠의 유형을 대략적으로 파악하고 각 특성을 설명함.
4체02-01,보통,1,스포츠의 의미와 유형을 조금씩 이해해감.
4체02-01,보통,2,스포츠의 종류를 구별하려고 노력함.
4체02-02,매우잘함,1,이동·비이동·조작 움직임 기술의 종류와 의미를 정확히 알고 스포츠에서 활용되는 기본 움직임 기술을 예를 들어 구체적으로 설명함.
4체02-02,매우잘함,2,기본 움직임 기술의 의미와 종류를 폭넓게 이해하고 스포츠와의 관계를 구체적으로 설명함.
4체02-02,잘함,1,이동·비이동·조작 움직임 기술의 종류와 의미를 대체로 알고 스포츠에서 활용되는 기본 움직임 기술을 설명함.
4체02-02,잘함,2,기본 움직임 기술의 종류를 대략적으로 이해하고 스포츠와의 관계를 설명함.
4체02-02,보통,1,기본 움직임 기술의 종류를 조금씩 이해해감.
4체02-02,보통,2,스포츠에서 활용되는 움직임 기술을 파악하려고 노력함.
4체02-03,매우잘함,1,신체·노력·공간·관계 요소를 전반적으로 고려한 기본 움직임 기술의 수행 방법을 명확히 파악하고 다양한 상황에서 시도함.
4체02-03,매우잘함,2,움직임 요소를 폭넓게 고려하여 기본 움직임 기술의 수행 방법을 구체적으로 파악하고 여러 상황에서 시도함.
4체02-03,잘함,1,신체·노력·공간·관계 요소를 전반적으로 고려한 기본 움직임 기술의 수행 방법을 대체로 파악하고 시도함.
4체02-03,잘함,2,움직임 요소에 따른 수행 방법을 대략적으로 파악하고 시도함.
4체02-03,보통,1,움직임 요소에 따른 수행 방법을 조금씩 파악해감.
4체02-03,보통,2,기본 움직임 기술을 부분적으로 시도하려고 노력함.
4체02-04,매우잘함,1,기본 움직임을 연결한 여러 가지 복합적인 움직임 기술을 명확히 파악하고 다양한 게임 상황에서 시도함.
4체02-04,매우잘함,2,기본 움직임 기술을 연결한 복합적인 움직임 기술을 폭넓게 파악하고 여러 게임 상황에서 시도함.
4체02-04,잘함,1,기본 움직임을 연결한 복합적인 움직임 기술을 대체로 파악하고 게임 상황에서 시도함.
4체02-04,잘함,2,복합적인 움직임 기술을 대략적으로 파악하고 게임 상황에서 시도함.
4체02-04,보통,1,복합적인 움직임 기술을 조금씩 파악해감.
4체02-04,보통,2,게임 상황에서 움직임 기술을 부분적으로 시도하려고 노력함.
4체02-05,매우잘함,1,기술형 스포츠에 적합한 여러 가지 기본 움직임 기술을 구체적으로 파악하고 다양한 게임 상황에서 시도함.
4체02-05,매우잘함,2,기술형 스포츠에 맞는 기본 움직임 기술을 폭넓게 파악하고 여러 게임 상황에서 능숙하게 시도함.
4체02-05,잘함,1,기술형 스포츠에 적합한 기본 움직임 기술을 대체로 파악하고 게임 상황에서 시도함.
4체02-05,잘함,2,기술형 스포츠에 맞는 움직임 기술을 대략적으로 파악하고 시도함.
4체02-05,보통,1,기술형 스포츠에 적합한 움직임 기술을 조금씩 파악해감.
4체02-05,보통,2,게임 상황에서 움직임 기술을 부분적으로 시도하려고 노력함.
4체02-06,매우잘함,1,전략형 스포츠에 적합한 여러 가지 기본 움직임 기술을 구체적으로 파악하고 다양한 게임 상황에서 기본적인 전략을 세워 시도함.
4체02-06,매우잘함,2,전략형 스포츠에 맞는 움직임 기술을 폭넓게 파악하고 게임 상황에서 전략을 세워 능숙하게 시도함.
4체02-06,잘함,1,전략형 스포츠에 적합한 기본 움직임 기술을 대체로 파악하고 게임 상황에서 시도함.
4체02-06,잘함,2,전략형 스포츠에 맞는 움직임 기술을 대략적으로 파악하고 시도함.
4체02-06,보통,1,전략형 스포츠에 적합한 움직임 기술을 조금씩 파악해감.
4체02-06,보통,2,게임 상황에서 움직임 기술을 부분적으로 시도하려고 노력함.
4체02-07,매우잘함,1,생태형 스포츠에 적합한 여러 가지 기본 움직임 기술을 구체적으로 파악하고 다양한 활동 상황에서 시도함.
4체02-07,매우잘함,2,생태형 스포츠에 맞는 움직임 기술을 폭넓게 파악하고 여러 활동 상황에서 능숙하게 시도함.
4체02-07,잘함,1,생태형 스포츠에 적합한 기본 움직임 기술을 대체로 파악하고 활동 상황에서 시도함.
4체02-07,잘함,2,생태형 스포츠에 맞는 움직임 기술을 대략적으로 파악하고 시도함.
4체02-07,보통,1,생태형 스포츠에 적합한 움직임 기술을 조금씩 파악해감.
4체02-07,보통,2,활동 상황에서 움직임 기술을 부분적으로 시도하려고 노력함.
4체02-08,매우잘함,1,움직임 기술 수행에 항상 자신감을 갖고 다양한 활동 상황에서 적극적으로 시도함.
4체02-08,매우잘함,2,움직임 기술 수행에 강한 자신감을 보이며 여러 활동 상황에서 폭넓게 시도함.
4체02-08,잘함,1,움직임 기술 수행에 자신감을 갖고 활동 상황에서 시도함.
4체02-08,잘함,2,움직임 기술 수행에 대체로 자신감을 보이며 시도함.
4체02-08,보통,1,움직임 기술 수행에 자신감을 갖고자 조금씩 노력함.
4체02-08,보통,2,활동 상황에서 움직임 기술을 부분적으로 시도하려고 노력함.
4체02-09,매우잘함,1,다양한 게임 활동에서 최선을 다하고 합의된 규칙을 일관되게 지키며 참여함.
4체02-09,매우잘함,2,게임 활동 전반에서 꾸준히 최선을 다하고 규칙을 철저히 준수하며 참여함.
4체02-09,잘함,1,일부 게임 활동에서 최선을 다하고 합의된 규칙을 지키며 참여함.
4체02-09,잘함,2,게임 활동에서 대체로 최선을 다하고 규칙을 지키며 참여함.
4체02-09,보통,1,일부 게임 활동에 열심히 참여하려고 노력함.
4체02-09,보통,2,합의된 규칙을 부분적으로 지켜감.
4체02-10,매우잘함,1,다양한 스포츠 환경에 개방적인 태도를 갖고 이를 적극적으로 실천하며 여러 스포츠 활동에 안전하게 참여함.
4체02-10,매우잘함,2,다양한 스포츠 환경을 폭넓게 받아들이고 적극적이고 안전하게 스포츠 활동에 참여함.
4체02-10,잘함,1,일부 스포츠 환경에 개방적인 태도를 갖고 이를 실천하며 스포츠 활동에 안전하게 참여함.
4체02-10,잘함,2,스포츠 환경에 대체로 개방적인 태도를 보이며 안전하게 참여함.
4체02-10,보통,1,일부 스포츠 환경에 개방적인 태도를 갖고자 노력함.
4체02-10,보통,2,스포츠 활동에 부분적으로 안전하게 참여해감.
4체03-01,매우잘함,1,표현 활동의 의미를 명확하게 알고 표현과 기본 움직임 기술과의 관계를 예를 들어 구체적으로 설명함.
4체03-01,매우잘함,2,표현 활동의 의미를 정확히 이해하고 움직임 기술과의 관계를 폭넓게 설명함.
4체03-01,잘함,1,표현 활동의 의미를 대체로 알고 표현과 기본 움직임 기술과의 관계를 예를 들어 설명함.
4체03-01,잘함,2,표현 활동의 의미를 대략적으로 알고 움직임 기술과의 관계를 설명함.
4체03-01,보통,1,표현 활동의 의미를 조금씩 이해해감.
4체03-01,보통,2,표현과 움직임 기술과의 관계를 일부 파악하려고 노력함.
4체03-02,매우잘함,1,움직임 요소에 따른 기본 움직임 기술의 다양한 표현 방법을 명확하게 알고 여러 상황에서 아름답게 표현함.
4체03-02,매우잘함,2,움직임 요소별 표현 방법을 폭넓게 파악하고 다양한 상황에서 창의적으로 표현함.
4체03-02,잘함,1,움직임 요소에 따른 기본 움직임 기술의 표현 방법을 대체로 알고 여러 상황에서 표현함.
4체03-02,잘함,2,움직임 요소에 따른 표현 방법을 대략적으로 알고 시도함.
4체03-02,보통,1,움직임 요소에 따른 표현 방법을 조금씩 익혀감.
4체03-02,보통,2,주어진 상황에서 부분적으로 표현하려고 노력함.
4체03-03,매우잘함,1,다양한 기본 움직임 기술을 종합적으로 활용하여 사물이나 자연의 여러 가지 모양 또는 움직임을 모방해 아름답게 표현함.
4체03-03,매우잘함,2,기본 움직임 기술을 폭넓게 활용하여 사물과 자연의 모양이나 움직임을 창의적으로 모방해 표현함.
4체03-03,잘함,1,일부 기본 움직임 기술을 활용하여 사물이나 자연의 모양 또는 움직임을 모방해 표현함.
4체03-03,잘함,2,기본 움직임 기술을 대체로 활용하여 사물이나 자연을 모방해 표현함.
4체03-03,보통,1,사물이나 자연을 모방하여 표현하는 것을 조금씩 익혀감.
4체03-03,보통,2,움직임 기술을 부분적으로 활용하여 모방해 표현하려고 노력함.
4체03-04,매우잘함,1,여러 기본 움직임 기술을 활용하여 자신의 느낌이나 생각을 창의적으로 표현함.
4체03-04,매우잘함,2,기본 움직임 기술을 폭넓게 활용하여 자신의 느낌이나 생각을 풍부하게 표현함.
4체03-04,잘함,1,일부 기본 움직임 기술을 활용하여 자신의 느낌이나 생각을 표현함.
4체03-04,잘함,2,기본 움직임 기술을 대체로 활용하여 느낌이나 생각을 표현함.
4체03-04,보통,1,느낌이나 생각을 조금씩 표현해감.
4체03-04,보통,2,움직임 기술을 활용하여 부분적으로 표현하려고 노력함.
4체03-05,매우잘함,1,리듬에 맞춰 표현하는 여러 가지 방법을 구체적으로 탐색하고 다양한 기본 움직임 기술을 활용하여 리듬감을 살려 표현함.
4체03-05,매우잘함,2,리듬에 맞춘 표현 방법을 폭넓게 탐색하고 움직임 기술을 창의적으로 활용하여 리듬감 있게 표현함.
4체03-05,잘함,1,리듬에 맞춰 표현하는 방법을 대체로 탐색하고 일부 기본 움직임 기술을 활용하여 리듬감을 살려 표현함.
4체03-05,잘함,2,리듬에 맞춘 표현 방법을 대략적으로 탐색하고 움직임 기술을 활용하여 표현함.
4체03-05,보통,1,리듬에 맞춰 표현하는 방법을 조금씩 탐색해감.
4체03-05,보통,2,움직임 기술을 부분적으로 활용하여 리듬감을 표현하려고 노력함.
4체03-06,매우잘함,1,도구를 활용하여 표현하는 여러 가지 방법을 구체적으로 탐색하고 다양한 기본 움직임 기술과 연결하여 아름답게 표현함.
4체03-06,매우잘함,2,도구를 활용한 표현 방법을 폭넓게 탐색하고 움직임 기술과 창의적으로 연결하여 표현함.
4체03-06,잘함,1,도구를 활용하여 표현하는 방법을 대체로 탐색하고 일부 기본 움직임 기술과 연결하여 표현함.
4체03-06,잘함,2,도구를 활용한 표현 방법을 대략적으로 탐색하고 움직임 기술과 연결하여 표현함.
4체03-06,보통,1,도구를 활용하여 표현하는 방법을 조금씩 탐색해감.
4체03-06,보통,2,움직임 기술을 부분적으로 연결하여 표현하려고 노력함.
4체03-07,매우잘함,1,다양한 기본 움직임 기술로 아름답게 표현하는 여러 가지 활동에 깊은 관심을 갖고 감수성을 적극적으로 나타냄.
4체03-07,매우잘함,2,움직임의 심미적 표현에 폭넓은 호기심을 갖고 감수성을 풍부하게 나타냄.
4체03-07,잘함,1,다양한 기본 움직임 기술로 아름답게 표현하는 일부 활동에 관심을 갖고 감수성을 나타냄.
4체03-07,잘함,2,움직임의 심미적 표현에 대체로 관심을 갖고 감수성을 나타냄.
4체03-07,보통,1,움직임의 심미적 표현에 대한 관심을 조금씩 키워감.
4체03-07,보통,2,감수성을 부분적으로 나타내려고 노력함.
